STATION,SITENAME,Sampling.Year,DATE,Daily.Ave.PAF,logVALUE,timecon,time
1110056,Mulgrave River at Deeral,2013-2014,25/11/2013 18:00,0.974280377,-0.011316044,41603.75,0
1110056,Mulgrave River at Deeral,2013-2014,10/1/2014 16:00,0.113236624,-0.946013087,41649.66667,45.91666667
1110056,Mulgrave River at Deeral,2013-2014,13/1/2014 12:00,18.79964891,1.274149739,41652.5,48.75
1110056,Mulgrave River at Deeral,2013-2014,23/1/2014 9:10,0.123505123,-0.908315028,41662.38194,58.63194444
1110056,Mulgrave River at Deeral,2013-2014,24/1/2014 14:43,17.03556227,1.231356472,41663.61319,59.86319444
1110056,Mulgrave River at Deeral,2013-2014,28/1/2014 10:43,0.624513731,-0.204458009,41667.44653,63.69652778
1110056,Mulgrave River at Deeral,2013-2014,29/1/2014 10:40,0.411818895,-0.385293731,41668.44444,64.69444444
1110056,Mulgrave River at Deeral,2013-2014,30/1/2014 8:51,1.444705934,0.159779457,41669.36875,65.61875
1110056,Mulgrave River at Deeral,2013-2014,31/1/2014 11:20,0.059134773,-1.228157063,41670.47222,66.72222222
1110056,Mulgrave River at Deeral,2013-2014,3/2/2014 9:28,44.22256364,1.645643916,41673.39444,69.64444444
1110056,Mulgrave River at Deeral,2013-2014,3/2/2014 12:32,17.27537883,1.23742758,41673.52222,69.77222222
1110056,Mulgrave River at Deeral,2013-2014,4/2/2014 8:40,1.281719038,0.107792835,41674.36111,70.61111111
1110056,Mulgrave River at Deeral,2013-2014,4/2/2014 11:30,2.460635623,0.391047307,41674.47917,70.72916667
1110056,Mulgrave River at Deeral,2013-2014,6/2/2014 8:43,0.822598595,-0.084812037,41676.36319,72.61319444
1110056,Mulgrave River at Deeral,2013-2014,7/2/2014 15:45,0.123516656,-0.908274474,41677.65625,73.90625
1110056,Mulgrave River at Deeral,2013-2014,10/2/2014 11:30,0.145676448,-0.836610657,41680.47917,76.72916667
1110056,Mulgrave River at Deeral,2013-2014,11/2/2014 13:20,0.069482688,-1.158123387,41681.55556,77.80555556
1110056,Mulgrave River at Deeral,2013-2014,12/2/2014 13:42,0.069482688,-1.158123387,41682.57083,78.82083333
1110056,Mulgrave River at Deeral,2013-2014,24/2/2014 13:22,1.648980833,0.217215608,41694.55694,90.80694444
1110056,Mulgrave River at Deeral,2013-2014,27/2/2014 11:15,0.059146332,-1.228072185,41697.46875,93.71875
1110056,Mulgrave River at Deeral,2013-2014,7/3/2014 13:30,0.059146332,-1.228072185,41705.5625,101.8125
1110056,Mulgrave River at Deeral,2013-2014,13/3/2014 9:37,0.123516674,-0.908274412,41711.40069,107.6506944
1110056,Mulgrave River at Deeral,2013-2014,20/3/2014 11:40,4.500154151,0.653227391,41718.48611,114.7361111
1110056,Mulgrave River at Deeral,2013-2014,20/3/2014 12:00,4.704207123,0.672486435,41718.5,114.75
1110056,Mulgrave River at Deeral,2013-2014,20/3/2014 14:16,4.292137855,0.632673662,41718.59444,114.8444444
1110056,Mulgrave River at Deeral,2013-2014,20/3/2014 17:35,2.935510855,0.467683691,41718.73264,114.9826389
1110056,Mulgrave River at Deeral,2013-2014,20/3/2014 23:10,1.572048093,0.196465828,41718.96528,115.2152778
1110056,Mulgrave River at Deeral,2013-2014,21/3/2014 4:45,0.069482688,-1.158123387,41719.19792,115.4479167
1110056,Mulgrave River at Deeral,2013-2014,21/3/2014 9:30,3.21817018,0.507609006,41719.39583,115.6458333
1110056,Mulgrave River at Deeral,2013-2014,21/3/2014 10:20,0.14401055,-0.841605692,41719.43056,115.6805556
1110056,Mulgrave River at Deeral,2013-2014,21/3/2014 10:58,2.934644098,0.467555439,41719.45694,115.7069444
1110056,Mulgrave River at Deeral,2013-2014,21/3/2014 15:55,2.898720518,0.462206345,41719.66319,115.9131944
1110056,Mulgrave River at Deeral,2013-2014,21/3/2014 18:05,0.303258763,-0.518186641,41719.75347,116.0034722
1110056,Mulgrave River at Deeral,2013-2014,21/3/2014 21:30,1.781162583,0.250703563,41719.89583,116.1458333
1110056,Mulgrave River at Deeral,2013-2014,22/3/2014 3:05,1.781162583,0.250703563,41720.12847,116.3784722
1110056,Mulgrave River at Deeral,2013-2014,22/3/2014 8:40,2.354607414,0.371918507,41720.36111,116.6111111
1110056,Mulgrave River at Deeral,2013-2014,22/3/2014 9:40,2.297135426,0.3611866,41720.40278,116.6527778
1110056,Mulgrave River at Deeral,2013-2014,22/3/2014 12:30,0.220768654,-0.656062591,41720.52083,116.7708333
1110056,Mulgrave River at Deeral,2013-2014,22/3/2014 15:26,0.059146332,-1.228072185,41720.64306,116.8930556
1110056,Mulgrave River at Deeral,2013-2014,22/3/2014 16:24,0.303258763,-0.518186641,41720.68333,116.9333333
1110056,Mulgrave River at Deeral,2013-2014,22/3/2014 23:01,1.388572592,0.142568589,41720.95903,117.2090278
1110056,Mulgrave River at Deeral,2013-2014,23/3/2014 4:36,2.449364417,0.389053404,41721.19167,117.4416667
1110056,Mulgrave River at Deeral,2013-2014,23/3/2014 9:55,1.723728799,0.236468938,41721.41319,117.6631944
1110056,Mulgrave River at Deeral,2013-2014,23/3/2014 10:11,1.59143505,0.201788919,41721.42431,117.6743056
1110056,Mulgrave River at Deeral,2013-2014,23/3/2014 15:00,1.388572592,0.142568589,41721.625,117.875
1110056,Mulgrave River at Deeral,2013-2014,23/3/2014 20:53,1.388572592,0.142568589,41721.87014,118.1201389
1110056,Mulgrave River at Deeral,2013-2014,24/3/2014 2:28,0.313096855,-0.504321294,41722.10278,118.3527778
1110056,Mulgrave River at Deeral,2013-2014,24/3/2014 8:03,0.214270139,-0.669038348,41722.33542,118.5854167
1110056,Mulgrave River at Deeral,2013-2014,24/3/2014 8:58,0.214270139,-0.669038348,41722.37361,118.6236111
1110056,Mulgrave River at Deeral,2013-2014,24/3/2014 13:38,0.093321222,-1.030019581,41722.56806,118.8180556
1110056,Mulgrave River at Deeral,2013-2014,24/3/2014 19:13,0.214270139,-0.669038348,41722.80069,119.0506944
1110056,Mulgrave River at Deeral,2013-2014,25/3/2014 10:06,0.186205025,-0.730008604,41723.42083,119.6708333
1110056,Mulgrave River at Deeral,2013-2014,29/3/2014 10:25,0.059146332,-1.228072185,41727.43403,123.6840278
1110056,Mulgrave River at Deeral,2013-2014,11/4/2014 23:34,0.164054245,-0.785012527,41740.98194,137.2319444
1110056,Mulgrave River at Deeral,2013-2014,12/4/2014 1:11,0.07114983,-1.147826135,41741.04931,137.2993056
1110056,Mulgrave River at Deeral,2013-2014,12/4/2014 7:12,0.220768654,-0.656062591,41741.3,137.55
1110056,Mulgrave River at Deeral,2013-2014,12/4/2014 12:47,0.059146332,-1.228072185,41741.53264,137.7826389
1110056,Mulgrave River at Deeral,2013-2014,12/4/2014 17:21,0.534144879,-0.272340931,41741.72292,137.9729167
1110056,Mulgrave River at Deeral,2013-2014,12/4/2014 22:56,0.383820863,-0.415871423,41741.95556,138.2055556
1110056,Mulgrave River at Deeral,2013-2014,13/4/2014 4:31,1.597193242,0.203357464,41742.18819,138.4381944
1110056,Mulgrave River at Deeral,2013-2014,13/4/2014 10:06,0.382158938,-0.417755979,41742.42083,138.6708333
1110056,Mulgrave River at Deeral,2013-2014,13/4/2014 15:41,0.220768654,-0.656062591,41742.65347,138.9034722
1110056,Mulgrave River at Deeral,2013-2014,13/4/2014 21:16,0.220768654,-0.656062591,41742.88611,139.1361111
1110056,Mulgrave River at Deeral,2013-2014,14/4/2014 2:51,0.285059536,-0.545064426,41743.11875,139.36875
1110056,Mulgrave River at Deeral,2013-2014,14/4/2014 8:26,0.313096855,-0.504321294,41743.35139,139.6013889
1110056,Mulgrave River at Deeral,2013-2014,14/4/2014 12:55,0.145676448,-0.836610657,41743.53819,139.7881944
1110056,Mulgrave River at Deeral,2013-2014,15/4/2014 12:15,0.059146332,-1.228072185,41744.51042,140.7604167
1110056,Mulgrave River at Deeral,2013-2014,15/4/2014 17:11,0.111708656,-0.951913175,41744.71597,140.9659722
1110056,Mulgrave River at Deeral,2013-2014,15/4/2014 22:46,0.07114983,-1.147826135,41744.94861,141.1986111
1110056,Mulgrave River at Deeral,2013-2014,16/4/2014 4:21,0.07114983,-1.147826135,41745.18125,141.43125
1110056,Mulgrave River at Deeral,2013-2014,16/4/2014 9:56,0.07114983,-1.147826135,41745.41389,141.6638889
1110056,Mulgrave River at Deeral,2013-2014,16/4/2014 15:31,1.364647292,0.135020418,41745.64653,141.8965278
1110056,Mulgrave River at Deeral,2013-2014,16/4/2014 22:41,1.108629032,0.044786247,41745.94514,142.1951389
1110056,Mulgrave River at Deeral,2013-2014,17/4/2014 4:16,1.106979199,0.04413946,41746.17778,142.4277778
1110056,Mulgrave River at Deeral,2013-2014,20/5/2014 10:13,0.057702893,-1.238802409,41779.42569,175.6756944
1110056,Mulgrave River at Deeral,2013-2014,20/5/2014 19:36,0.060813646,-1.215998961,41779.81667,176.0666667
1110056,Mulgrave River at Deeral,2013-2014,21/5/2014 10:15,0.060813646,-1.215998961,41780.42708,176.6770833
1110056,Mulgrave River at Deeral,2013-2014,21/5/2014 15:50,0.060813646,-1.215998961,41780.65972,176.9097222
1110056,Mulgrave River at Deeral,2013-2014,21/5/2014 21:25,0.060813646,-1.215998961,41780.89236,177.1423611
1110056,Mulgrave River at Deeral,2013-2014,22/5/2014 5:32,0.059146332,-1.228072185,41781.23056,177.4805556
1110056,Mulgrave River at Deeral,2013-2014,22/5/2014 11:07,0.059146332,-1.228072185,41781.46319,177.7131944
1110056,Mulgrave River at Deeral,2013-2014,22/5/2014 18:32,0.059146332,-1.228072185,41781.77222,178.0222222
1110056,Mulgrave River at Deeral,2013-2014,23/5/2014 6:22,0.059146332,-1.228072185,41782.26528,178.5152778
1110056,Mulgrave River at Deeral,2013-2014,9/6/2014 19:41,0.059146332,-1.228072185,41799.82014,196.0701389
1110056,Mulgrave River at Deeral,2013-2014,10/6/2014 9:26,0.059146332,-1.228072185,41800.39306,196.6430556
1110056,Mulgrave River at Deeral,2013-2014,11/6/2014 6:36,0.059146332,-1.228072185,41801.275,197.525
1110056,Mulgrave River at Deeral,2013-2014,12/6/2014 13:00,0.059146332,-1.228072185,41802.54167,198.7916667
1110056,Mulgrave River at Deeral,2014-2015,26/8/2014 12:20,0.002214314,-2.654760849,41877.51389,273.7638889
1110056,Mulgrave River at Deeral,2014-2015,28/8/2014 14:05,0.002214314,-2.654760849,41879.58681,275.8368056
1110056,Mulgrave River at Deeral,2014-2015,15/10/2014 12:40,0.012556559,-1.901129375,41927.52778,323.7777778
1110056,Mulgrave River at Deeral,2014-2015,10/11/2014 13:20,0.002214314,-2.654760849,41953.55556,349.8055556
1110056,Mulgrave River at Deeral,2014-2015,24/11/2014 11:20,0.002214314,-2.654760849,41967.47222,363.7222222
1110056,Mulgrave River at Deeral,2014-2015,8/12/2014 13:42,0.165594271,-0.780954693,41981.57083,377.8208333
1110056,Mulgrave River at Deeral,2014-2015,18/12/2014 13:30,1.166180972,0.066765951,41991.5625,387.8125
1110056,Mulgrave River at Deeral,2014-2015,8/1/2015 9:51,25.36005616,1.404150211,42012.41042,408.6604167
1110056,Mulgrave River at Deeral,2014-2015,8/1/2015 13:58,24.49201983,1.389024602,42012.58194,408.8319444
1110056,Mulgrave River at Deeral,2014-2015,8/1/2015 18:53,11.27063138,1.051948246,42012.78681,409.0368056
1110056,Mulgrave River at Deeral,2014-2015,9/1/2015 0:03,6.88146029,0.837680608,42013.00208,409.2520833
1110056,Mulgrave River at Deeral,2014-2015,9/1/2015 5:13,4.798988881,0.681149744,42013.21736,409.4673611
1110056,Mulgrave River at Deeral,2014-2015,9/1/2015 13:33,3.933966735,0.594830683,42013.56458,409.8145833
1110056,Mulgrave River at Deeral,2014-2015,23/1/2015 14:00,1.88104008,0.274398049,42027.58333,423.8333333
1110056,Mulgrave River at Deeral,2014-2015,8/2/2015 12:13,9.816955059,0.991976803,42043.50903,439.7590278
1110056,Mulgrave River at Deeral,2014-2015,8/2/2015 17:53,0.238294268,-0.622886404,42043.74514,439.9951389
1110056,Mulgrave River at Deeral,2014-2015,8/2/2015 23:33,4.073453635,0.609962777,42043.98125,440.23125
1110056,Mulgrave River at Deeral,2014-2015,9/2/2015 5:13,0.064861615,-1.188012244,42044.21736,440.4673611
1110056,Mulgrave River at Deeral,2014-2015,9/2/2015 10:53,3.071534787,0.487355438,42044.45347,440.7034722
1110056,Mulgrave River at Deeral,2014-2015,9/2/2015 16:33,3.490630068,0.542903825,42044.68958,440.9395833
1110056,Mulgrave River at Deeral,2014-2015,9/2/2015 22:13,2.017951584,0.304910742,42044.92569,441.1756944
1110056,Mulgrave River at Deeral,2014-2015,10/2/2015 3:53,2.881284728,0.459586177,42045.16181,441.4118056
1110056,Mulgrave River at Deeral,2014-2015,10/2/2015 9:33,4.3016791,0.633638009,42045.39792,441.6479167
1110056,Mulgrave River at Deeral,2014-2015,10/2/2015 16:34,6.205932357,0.792807038,42045.69028,441.9402778
1110056,Mulgrave River at Deeral,2014-2015,10/2/2015 22:04,6.819823484,0.833773134,42045.91944,442.1694444
1110056,Mulgrave River at Deeral,2014-2015,11/2/2015 3:44,5.837085875,0.766196083,42046.15556,442.4055556
1110056,Mulgrave River at Deeral,2014-2015,11/2/2015 9:24,5.506615249,0.740884733,42046.39167,442.6416667
1110056,Mulgrave River at Deeral,2014-2015,11/2/2015 17:54,4.033122623,0.605641426,42046.74583,442.9958333
1110056,Mulgrave River at Deeral,2014-2015,11/2/2015 23:34,2.722189744,0.434918393,42046.98194,443.2319444
1110056,Mulgrave River at Deeral,2014-2015,12/2/2015 5:14,1.070191645,0.029461556,42047.21806,443.4680556
1110056,Mulgrave River at Deeral,2014-2015,12/2/2015 10:54,1.070191645,0.029461556,42047.45417,443.7041667
1110056,Mulgrave River at Deeral,2014-2015,12/2/2015 16:34,0.849756349,-0.070705582,42047.69028,443.9402778
1110056,Mulgrave River at Deeral,2014-2015,12/2/2015 22:14,1.957202242,0.291635705,42047.92639,444.1763889
1110056,Mulgrave River at Deeral,2014-2015,13/2/2015 3:54,0.065188182,-1.185831132,42048.1625,444.4125
1110056,Mulgrave River at Deeral,2014-2015,13/2/2015 9:34,0.054851381,-1.260812434,42048.39861,444.6486111
1110056,Mulgrave River at Deeral,2014-2015,14/2/2015 8:44,0.065189876,-1.185819842,42049.36389,445.6138889
1110056,Mulgrave River at Deeral,2014-2015,14/2/2015 14:24,0.065188182,-1.185831132,42049.6,445.85
1110056,Mulgrave River at Deeral,2014-2015,14/2/2015 20:04,1.43824039,0.157831481,42049.83611,446.0861111
1110056,Mulgrave River at Deeral,2014-2015,15/2/2015 1:44,0.240284588,-0.619274084,42050.07222,446.3222222
1110056,Mulgrave River at Deeral,2014-2015,15/2/2015 7:24,0.11755815,-0.929747257,42050.30833,446.5583333
1110056,Mulgrave River at Deeral,2014-2015,15/2/2015 13:04,1.188267508,0.074914222,42050.54444,446.7944444
1110056,Mulgrave River at Deeral,2014-2015,15/2/2015 18:44,0.581803848,-0.235223411,42050.78056,447.0305556
1110056,Mulgrave River at Deeral,2014-2015,16/2/2015 0:24,0.419974564,-0.376777012,42051.01667,447.2666667
1110056,Mulgrave River at Deeral,2014-2015,16/2/2015 6:04,0.280774294,-0.551642656,42051.25278,447.5027778
1110056,Mulgrave River at Deeral,2014-2015,16/2/2015 15:34,0.753854946,-0.122712211,42051.64861,447.8986111
1110056,Mulgrave River at Deeral,2014-2015,17/2/2015 2:54,0.553842104,-0.256614032,42052.12083,448.3708333
1110056,Mulgrave River at Deeral,2014-2015,17/2/2015 12:44,0.553842104,-0.256614032,42052.53056,448.7805556
1110056,Mulgrave River at Deeral,2014-2015,11/3/2015 18:34,17.54988625,1.244274306,42074.77361,471.0236111
1110056,Mulgrave River at Deeral,2014-2015,11/3/2015 23:04,14.8397729,1.171427255,42074.96111,471.2111111
1110056,Mulgrave River at Deeral,2014-2015,12/3/2015 4:44,14.99279652,1.175882647,42075.19722,471.4472222
1110056,Mulgrave River at Deeral,2014-2015,12/3/2015 10:24,5.40401814,0.732716798,42075.43333,471.6833333
1110056,Mulgrave River at Deeral,2014-2015,12/3/2015 16:04,6.910397167,0.839503009,42075.66944,471.9194444
1110056,Mulgrave River at Deeral,2014-2015,12/3/2015 21:44,2.173629864,0.337185592,42075.90556,472.1555556
1110056,Mulgrave River at Deeral,2014-2015,13/3/2015 3:24,2.415253017,0.382962633,42076.14167,472.3916667
1110056,Mulgrave River at Deeral,2014-2015,13/3/2015 9:04,5.837813628,0.766250226,42076.37778,472.6277778
1110056,Mulgrave River at Deeral,2014-2015,27/3/2015 10:00,0.054851381,-1.260812434,42090.41667,486.6666667
1110056,Mulgrave River at Deeral,2014-2015,27/3/2015 10:20,0.054851381,-1.260812434,42090.43056,486.6805556
1110056,Mulgrave River at Deeral,2014-2015,23/4/2015 13:35,0.054851381,-1.260812434,42117.56597,513.8159722
1110056,Mulgrave River at Deeral,2014-2015,26/5/2015 11:15,0.054851381,-1.260812434,42150.46875,546.71875
1110056,Mulgrave River at Deeral,2014-2015,9/6/2015 13:27,0.054851381,-1.260812434,42164.56042,560.8104167
1110056,Mulgrave River at Deeral,2014-2015,11/6/2015 21:33,0.054851404,-1.260812252,42166.89792,563.1479167
1110056,Mulgrave River at Deeral,2014-2015,12/6/2015 2:13,0.054851381,-1.260812434,42167.09236,563.3423611
1110056,Mulgrave River at Deeral,2014-2015,12/6/2015 5:23,0.054851381,-1.260812434,42167.22431,563.4743056
1110056,Mulgrave River at Deeral,2014-2015,12/6/2015 15:23,0.054851381,-1.260812434,42167.64097,563.8909722
1110056,Mulgrave River at Deeral,2014-2015,12/6/2015 22:53,0.054851381,-1.260812434,42167.95347,564.2034722
1110056,Mulgrave River at Deeral,2014-2015,13/6/2015 7:03,0.054851381,-1.260812434,42168.29375,564.54375
1110056,Mulgrave River at Deeral,2014-2015,13/6/2015 12:03,0.054851381,-1.260812434,42168.50208,564.7520833
1110056,Mulgrave River at Deeral,2014-2015,20/6/2015 9:30,0.468752509,-0.329056395,42175.39583,571.6458333
1110056,Mulgrave River at Deeral,2014-2015,29/6/2015 10:15,0.054851854,-1.260808688,42184.42708,580.6770833
1110056,Mulgrave River at Deeral,2014-2015,29/6/2015 23:05,0.05485245,-1.26080397,42184.96181,581.2118056
1110056,Mulgrave River at Deeral,2014-2015,30/6/2015 4:45,0.054852427,-1.260804153,42185.19792,581.4479167
1110056,Mulgrave River at Deeral,2014-2015,30/6/2015 10:25,0.115453827,-0.937591667,42185.43403,581.6840278
1110056,Mulgrave River at Deeral,2014-2015,30/6/2015 16:05,0.054851381,-1.260812434,42185.67014,581.9201389
1110056,Mulgrave River at Deeral,2014-2015,30/6/2015 19:55,0.054851381,-1.260812434,42185.82986,582.0798611
1110056,Mulgrave River at Deeral,2015-2016,1/7/2015 12:45,0.002214368,-2.654750186,42186.53125,582.78125
1110056,Mulgrave River at Deeral,2015-2016,2/7/2015 1:25,0.002214368,-2.654750186,42187.05903,583.3090278
1110056,Mulgrave River at Deeral,2015-2016,2/7/2015 12:45,0.002214368,-2.654750186,42187.53125,583.78125
1110056,Mulgrave River at Deeral,2015-2016,3/7/2015 2:35,0.002214368,-2.654750186,42188.10764,584.3576389
1110056,Mulgrave River at Deeral,2015-2016,3/7/2015 13:55,0.002214368,-2.654750186,42188.57986,584.8298611
1110056,Mulgrave River at Deeral,2015-2016,14/7/2015 14:30,0.002214368,-2.654750186,42199.60417,595.8541667
1110056,Mulgrave River at Deeral,2015-2016,20/7/2015 11:30,0.002214368,-2.654750186,42205.47917,601.7291667
1110056,Mulgrave River at Deeral,2015-2016,29/7/2015 9:00,0.002214393,-2.654745225,42214.375,610.625
1110056,Mulgrave River at Deeral,2015-2016,28/8/2015 11:30,0.00221437,-2.654749746,42244.47917,640.7291667
1110056,Mulgrave River at Deeral,2015-2016,1/9/2015 11:17,0.00221437,-2.654749746,42248.47014,644.7201389
1110056,Mulgrave River at Deeral,2015-2016,10/9/2015 11:20,0.002214461,-2.654732005,42257.47222,653.7222222
1110056,Mulgrave River at Deeral,2015-2016,15/9/2015 15:00,0.178327992,-0.74878048,42262.625,658.875
1110056,Mulgrave River at Deeral,2015-2016,22/9/2015 13:30,0.002218709,-2.653899751,42269.5625,665.8125
1110056,Mulgrave River at Deeral,2015-2016,20/10/2015 10:00,0.024405395,-1.61251416,42297.41667,693.6666667
1110056,Mulgrave River at Deeral,2015-2016,27/10/2015 13:40,0.002218732,-2.65389524,42304.56944,700.8194444
1110056,Mulgrave River at Deeral,2015-2016,4/11/2015 14:00,0.002218709,-2.653899751,42312.58333,708.8333333
1110056,Mulgrave River at Deeral,2015-2016,9/11/2015 13:30,0.002218732,-2.65389524,42317.5625,713.8125
1110056,Mulgrave River at Deeral,2015-2016,21/12/2015 15:00,7.51532959,0.875948032,42359.625,755.875
1110056,Mulgrave River at Deeral,2015-2016,23/12/2015 11:34,12.83618869,1.108436093,42361.48194,757.7319444
1110056,Mulgrave River at Deeral,2015-2016,23/12/2015 13:34,14.37769849,1.157689372,42361.56528,757.8152778
1110056,Mulgrave River at Deeral,2015-2016,23/12/2015 19:56,3.401982749,0.531732107,42361.83056,758.0805556
1110056,Mulgrave River at Deeral,2015-2016,23/12/2015 22:56,1.410606505,0.149405882,42361.95556,758.2055556
1110056,Mulgrave River at Deeral,2015-2016,24/12/2015 2:36,1.889479701,0.276342231,42362.10833,758.3583333
1110056,Mulgrave River at Deeral,2015-2016,24/12/2015 6:16,1.34296861,0.128065862,42362.26111,758.5111111
1110056,Mulgrave River at Deeral,2015-2016,24/12/2015 7:26,1.594205953,0.202544427,42362.30972,758.5597222
1110056,Mulgrave River at Deeral,2015-2016,24/12/2015 12:56,0.844836437,-0.073227363,42362.53889,758.7888889
1110056,Mulgrave River at Deeral,2015-2016,24/12/2015 14:56,1.105438001,0.04353439,42362.62222,758.8722222
1110056,Mulgrave River at Deeral,2015-2016,24/12/2015 21:36,0.058014531,-1.236463217,42362.9,759.15
1110056,Mulgrave River at Deeral,2015-2016,24/12/2015 23:36,0.451123615,-0.345704438,42362.98333,759.2333333
1110056,Mulgrave River at Deeral,2015-2016,25/12/2015 8:56,3.73301442,0.572059668,42363.37222,759.6222222
1110056,Mulgrave River at Deeral,2015-2016,25/12/2015 14:36,1.206312947,0.081459989,42363.60833,759.8583333
1110056,Mulgrave River at Deeral,2015-2016,25/12/2015 20:16,0.822424317,-0.084904057,42363.84444,760.0944444
1110056,Mulgrave River at Deeral,2015-2016,26/12/2015 1:56,0.623399848,-0.205233308,42364.08056,760.3305556
1110056,Mulgrave River at Deeral,2015-2016,31/12/2015 14:29,0.122385602,-0.912269673,42369.60347,765.8534722
1110056,Mulgrave River at Deeral,2015-2016,31/12/2015 20:06,0.162923632,-0.788015917,42369.8375,766.0875
1110056,Mulgrave River at Deeral,2015-2016,1/1/2016 1:46,0.122385602,-0.912269673,42370.07361,766.3236111
1110056,Mulgrave River at Deeral,2015-2016,1/1/2016 7:26,0.068351004,-1.1652551,42370.30972,766.5597222
1110056,Mulgrave River at Deeral,2015-2016,1/1/2016 13:06,0.068351004,-1.1652551,42370.54583,766.7958333
1110056,Mulgrave River at Deeral,2015-2016,1/1/2016 18:46,0.058014531,-1.236463217,42370.78194,767.0319444
1110056,Mulgrave River at Deeral,2015-2016,2/1/2016 0:26,0.070018165,-1.154789277,42371.01806,767.2680556
1110056,Mulgrave River at Deeral,2015-2016,2/1/2016 6:06,0.068351004,-1.1652551,42371.25417,767.5041667
1110056,Mulgrave River at Deeral,2015-2016,2/1/2016 11:46,0.058014531,-1.236463217,42371.49028,767.7402778
1110056,Mulgrave River at Deeral,2015-2016,2/1/2016 17:26,0.058014531,-1.236463217,42371.72639,767.9763889
1110056,Mulgrave River at Deeral,2015-2016,2/1/2016 23:06,0.068351004,-1.1652551,42371.9625,768.2125
1110056,Mulgrave River at Deeral,2015-2016,1/2/2016 12:30,0.269826619,-0.568915208,42401.52083,797.7708333
1110056,Mulgrave River at Deeral,2015-2016,9/2/2016 14:46,1.820768684,0.260254775,42409.61528,805.8652778
1110056,Mulgrave River at Deeral,2015-2016,9/2/2016 20:26,14.82010483,1.170851276,42409.85139,806.1013889
1110056,Mulgrave River at Deeral,2015-2016,10/2/2016 1:26,14.93395325,1.174174787,42410.05972,806.3097222
1110056,Mulgrave River at Deeral,2015-2016,10/2/2016 3:46,12.5850453,1.099854783,42410.15694,806.4069444
1110056,Mulgrave River at Deeral,2015-2016,10/2/2016 7:26,10.39685832,1.016902126,42410.30972,806.5597222
1110056,Mulgrave River at Deeral,2015-2016,10/2/2016 13:56,13.79374308,1.139682132,42410.58056,806.8305556
1110056,Mulgrave River at Deeral,2015-2016,10/2/2016 19:56,4.134125267,0.616383632,42410.83056,807.0805556
1110056,Mulgrave River at Deeral,2015-2016,10/2/2016 21:46,5.833920264,0.765960489,42410.90694,807.1569444
1110056,Mulgrave River at Deeral,2015-2016,4/3/2016 13:07,3.814010369,0.581381869,42433.54653,829.7965278
1110056,Mulgrave River at Deeral,2015-2016,4/3/2016 20:26,3.310370936,0.51987666,42433.85139,830.1013889
1110056,Mulgrave River at Deeral,2015-2016,9/3/2016 13:46,0.059681863,-1.224157626,42438.57361,834.8236111
1110056,Mulgrave River at Deeral,2015-2016,10/3/2016 9:56,0.11057745,-0.956333431,42439.41389,835.6638889
1110056,Mulgrave River at Deeral,2015-2016,10/3/2016 14:16,0.059681863,-1.224157626,42439.59444,835.8444444
1110056,Mulgrave River at Deeral,2015-2016,11/3/2016 10:56,0.122385991,-0.912268291,42440.45556,836.7055556
1110056,Mulgrave River at Deeral,2015-2016,12/3/2016 12:36,2.051746808,0.312123766,42441.525,837.775
1110056,Mulgrave River at Deeral,2015-2016,12/3/2016 16:46,2.727183399,0.435714345,42441.69861,837.9486111
1110056,Mulgrave River at Deeral,2015-2016,12/3/2016 20:27,1.797511813,0.254671753,42441.85208,838.1020833
1110056,Mulgrave River at Deeral,2015-2016,12/3/2016 23:36,0.756995426,-0.120906745,42441.98333,838.2333333
1110056,Mulgrave River at Deeral,2015-2016,13/3/2016 6:26,0.185074984,-0.732652279,42442.26806,838.5180556
1110056,Mulgrave River at Deeral,2015-2016,16/4/2016 10:36,0.10024598,-0.998933035,42476.44167,872.6916667
1110056,Mulgrave River at Deeral,2015-2016,16/4/2016 19:46,0.100245733,-0.998934104,42476.82361,873.0736111
1110056,Mulgrave River at Deeral,2015-2016,17/4/2016 4:56,0.05801483,-1.236460978,42477.20556,873.4555556
1110056,Mulgrave River at Deeral,2015-2016,17/4/2016 14:06,0.05801483,-1.236460978,42477.5875,873.8375
1110056,Mulgrave River at Deeral,2015-2016,17/4/2016 19:26,0.05801483,-1.236460978,42477.80972,874.0597222
1110056,Mulgrave River at Deeral,2015-2016,18/4/2016 0:56,0.05801483,-1.236460978,42478.03889,874.2888889
1110056,Mulgrave River at Deeral,2015-2016,18/4/2016 6:16,0.05801483,-1.236460978,42478.26111,874.5111111
1110056,Mulgrave River at Deeral,2015-2016,18/4/2016 13:16,0.05801483,-1.236460978,42478.55278,874.8027778
1110056,Mulgrave River at Deeral,2015-2016,21/5/2016 22:01,1.653699239,0.218456527,42511.91736,908.1673611
1110056,Mulgrave River at Deeral,2015-2016,22/5/2016 12:16,1.232118111,0.090652341,42512.51111,908.7611111
1110056,Mulgrave River at Deeral,2015-2016,22/5/2016 18:26,0.952039009,-0.021345256,42512.76806,909.0180556
1110056,Mulgrave River at Deeral,2015-2016,23/5/2016 8:46,1.26568926,0.102327095,42513.36528,909.6152778
1110056,Mulgrave River at Deeral,2015-2016,24/5/2016 10:56,1.073734824,0.030897039,42514.45556,910.7055556
1110056,Mulgrave River at Deeral,2015-2016,25/5/2016 11:16,0.548586623,-0.260754786,42515.46944,911.7194444
1110056,Mulgrave River at Deeral,2015-2016,8/6/2016 14:00,0.45103833,-0.345786549,42529.58333,925.8333333
1110056,Mulgrave River at Deeral,2015-2016,15/6/2016 14:03,1.128106909,0.052350259,42536.58542,932.8354167
1110056,Mulgrave River at Deeral,2015-2016,16/6/2016 2:16,0.060038827,-1.221567805,42537.09444,933.3444444
1110056,Mulgrave River at Deeral,2015-2016,28/6/2016 13:50,0.518846094,-0.284961449,42549.57639,945.8263889
1110056,Mulgrave River at Deeral,2016-2017,15/7/2016 12:30,0.002214368,-2.654750186,42566.52083,962.7708333
1110056,Mulgrave River at Deeral,2016-2017,21/7/2016 13:00,0.04446876,-1.351944983,42572.54167,968.7916667
1110056,Mulgrave River at Deeral,2016-2017,16/8/2016 13:00,0.738815606,-0.131463939,42598.54167,994.7916667
1110056,Mulgrave River at Deeral,2016-2017,14/10/2016 13:40,1.721179365,0.235826131,42657.56944,1053.819444
1110056,Mulgrave River at Deeral,2016-2017,22/11/2016 13:30,0.642091988,-0.192402749,42696.5625,1092.8125
1110056,Mulgrave River at Deeral,2016-2017,16/12/2016 13:12,2.988939073,0.475517062,42720.55,1116.8
1110056,Mulgrave River at Deeral,2016-2017,8/1/2017 0:23,14.96625114,1.175113029,42743.01597,1139.265972
1110056,Mulgrave River at Deeral,2016-2017,8/1/2017 4:08,19.81251828,1.29693968,42743.17222,1139.422222
1110056,Mulgrave River at Deeral,2016-2017,8/1/2017 5:38,19.49763009,1.289981827,42743.23472,1139.484722
1110056,Mulgrave River at Deeral,2016-2017,8/1/2017 10:28,20.07257083,1.302602999,42743.43611,1139.686111
1110056,Mulgrave River at Deeral,2016-2017,8/1/2017 18:38,7.953269514,0.9005457,42743.77639,1140.026389
1110056,Mulgrave River at Deeral,2016-2017,8/1/2017 23:58,7.983052766,0.902169,42743.99861,1140.248611
1110056,Mulgrave River at Deeral,2016-2017,10/1/2017 11:18,5.481284551,0.738882348,42745.47083,1141.720833
1110056,Mulgrave River at Deeral,2016-2017,10/1/2017 23:28,0.538056168,-0.269172386,42745.97778,1142.227778
1110056,Mulgrave River at Deeral,2016-2017,11/1/2017 8:28,3.755373636,0.574653153,42746.35278,1142.602778
1110056,Mulgrave River at Deeral,2016-2017,11/1/2017 11:38,6.710133122,0.826731136,42746.48472,1142.734722
1110056,Mulgrave River at Deeral,2016-2017,11/1/2017 17:48,4.973683667,0.69667816,42746.74167,1142.991667
1110056,Mulgrave River at Deeral,2016-2017,11/1/2017 23:58,4.29442347,0.632904868,42746.99861,1143.248611
1110056,Mulgrave River at Deeral,2016-2017,12/1/2017 6:08,6.457624003,0.810072754,42747.25556,1143.505556
1110056,Mulgrave River at Deeral,2016-2017,12/1/2017 12:18,6.168027385,0.790146293,42747.5125,1143.7625
1110056,Mulgrave River at Deeral,2016-2017,12/1/2017 18:28,3.624517898,0.559250249,42747.76944,1144.019444
1110056,Mulgrave River at Deeral,2016-2017,13/1/2017 0:38,1.148326673,0.060065453,42748.02639,1144.276389
1110056,Mulgrave River at Deeral,2016-2017,13/1/2017 6:48,0.407732836,-0.389624312,42748.28333,1144.533333
1110056,Mulgrave River at Deeral,2016-2017,13/1/2017 13:38,0.365632008,-0.436955793,42748.56806,1144.818056
1110056,Mulgrave River at Deeral,2016-2017,14/1/2017 7:29,0.580084138,-0.23650901,42749.31181,1145.561806
1110056,Mulgrave River at Deeral,2016-2017,14/1/2017 19:38,0.407732836,-0.389624312,42749.81806,1146.068056
1110056,Mulgrave River at Deeral,2016-2017,1/2/2017 11:41,13.95256583,1.14465408,42767.48681,1163.736806
1110056,Mulgrave River at Deeral,2016-2017,1/2/2017 19:53,7.5958427,0.880575963,42767.82847,1164.078472
1110056,Mulgrave River at Deeral,2016-2017,2/2/2017 8:00,0.989187105,-0.004721554,42768.33333,1164.583333
1110056,Mulgrave River at Deeral,2016-2017,2/2/2017 12:09,5.897578043,0.770673697,42768.50625,1164.75625
1110056,Mulgrave River at Deeral,2016-2017,3/2/2017 0:19,18.91722178,1.276857355,42769.01319,1165.263194
1110056,Mulgrave River at Deeral,2016-2017,3/2/2017 9:29,13.67059097,1.135787289,42769.39514,1165.645139
1110056,Mulgrave River at Deeral,2016-2017,3/2/2017 15:39,11.37003928,1.055761965,42769.65208,1165.902083
1110056,Mulgrave River at Deeral,2016-2017,3/2/2017 21:49,6.077563572,0.78372951,42769.90903,1166.159028
1110056,Mulgrave River at Deeral,2016-2017,4/2/2017 3:59,6.62662099,0.821292132,42770.16597,1166.415972
1110056,Mulgrave River at Deeral,2016-2017,4/2/2017 16:09,3.693122369,0.567393698,42770.67292,1166.922917
1110056,Mulgrave River at Deeral,2016-2017,5/2/2017 4:19,3.520653957,0.546623341,42771.17986,1167.429861
1110056,Mulgrave River at Deeral,2016-2017,5/2/2017 16:29,3.072324196,0.487467041,42771.68681,1167.936806
1110056,Mulgrave River at Deeral,2016-2017,6/2/2017 4:39,2.980323546,0.474263414,42772.19375,1168.44375
1110056,Mulgrave River at Deeral,2016-2017,6/2/2017 16:49,4.253883023,0.628785543,42772.70069,1168.950694
1110056,Mulgrave River at Deeral,2016-2017,7/2/2017 4:59,5.152009509,0.711976656,42773.20764,1169.457639
1110056,Mulgrave River at Deeral,2016-2017,16/2/2017 6:50,8.159164361,0.911645682,42782.28472,1178.534722
1110056,Mulgrave River at Deeral,2016-2017,17/2/2017 5:19,11.70419379,1.068341504,42783.22153,1179.471528
1110056,Mulgrave River at Deeral,2016-2017,17/2/2017 13:30,5.100280464,0.707594059,42783.5625,1179.8125
1110056,Mulgrave River at Deeral,2016-2017,17/2/2017 19:40,2.564758606,0.409046496,42783.81944,1180.069444
1110056,Mulgrave River at Deeral,2016-2017,18/2/2017 19:50,1.499790543,0.176030611,42784.82639,1181.076389
1110056,Mulgrave River at Deeral,2016-2017,19/2/2017 20:00,1.120760683,0.049512887,42785.83333,1182.083333
1110056,Mulgrave River at Deeral,2016-2017,22/2/2017 0:19,16.64912462,1.221391404,42788.01319,1184.263194
1110056,Mulgrave River at Deeral,2016-2017,22/2/2017 6:59,14.74601744,1.168674743,42788.29097,1184.540972
1110056,Mulgrave River at Deeral,2016-2017,25/2/2017 17:19,2.530343044,0.403179403,42791.72153,1187.971528
1110056,Mulgrave River at Deeral,2016-2017,26/2/2017 0:28,4.375240838,0.641001964,42792.01944,1188.269444
1110056,Mulgrave River at Deeral,2016-2017,26/2/2017 6:08,4.768994987,0.678426866,42792.25556,1188.505556
1110056,Mulgrave River at Deeral,2016-2017,26/2/2017 14:28,2.08184264,0.318447899,42792.60278,1188.852778
1110056,Mulgrave River at Deeral,2016-2017,27/2/2017 3:18,0.35551933,-0.449136781,42793.1375,1189.3875
1110056,Mulgrave River at Deeral,2016-2017,17/3/2017 9:00,0.256820003,-0.590371153,42811.375,1207.625
1110056,Mulgrave River at Deeral,2016-2017,5/4/2017 8:48,3.439314477,0.536471888,42830.36667,1226.616667
1110056,Mulgrave River at Deeral,2016-2017,5/4/2017 14:08,2.386689396,0.377795904,42830.58889,1226.838889
1110056,Mulgrave River at Deeral,2016-2017,7/4/2017 11:58,1.590535389,0.201543337,42832.49861,1228.748611
1110056,Mulgrave River at Deeral,2016-2017,8/4/2017 0:08,0.17587703,-0.754790876,42833.00556,1229.255556
1110056,Mulgrave River at Deeral,2016-2017,8/4/2017 13:18,0.07098154,-1.148854581,42833.55417,1229.804167
1110056,Mulgrave River at Deeral,2016-2017,9/4/2017 13:58,0.07098154,-1.148854581,42834.58194,1230.831944
1110056,Mulgrave River at Deeral,2016-2017,28/4/2017 12:00,0.150396715,-0.822761648,42853.5,1249.75
1110056,Mulgrave River at Deeral,2016-2017,19/5/2017 14:30,0.370047994,-0.431741946,42874.60417,1270.854167
1110056,Mulgrave River at Deeral,2016-2017,10/6/2017 7:15,0.033080395,-1.480429317,42896.30208,1292.552083
1110056,Mulgrave River at Deeral,2017-2018,1/7/2017 13:30,0.627701552,-0.202246798,42917.5625,1313.8125
1110056,Mulgrave River at Deeral,2017-2018,3/7/2017 22:09,1.750751567,0.243224524,42919.92292,1316.172917
1110056,Mulgrave River at Deeral,2017-2018,12/7/2017 9:30,0.054954545,-1.259996385,42928.39583,1324.645833
1110056,Mulgrave River at Deeral,2017-2018,19/9/2017 12:45,17.79775053,1.250365115,42997.53125,1393.78125
1110056,Mulgrave River at Deeral,2017-2018,20/9/2017 9:12,30.55321254,1.485056881,42998.38333,1394.633333
1110056,Mulgrave River at Deeral,2017-2018,20/9/2017 14:19,12.88730643,1.110162155,42998.59653,1394.846528
1110056,Mulgrave River at Deeral,2017-2018,21/9/2017 3:09,6.177306726,0.790799166,42999.13125,1395.38125
1110056,Mulgrave River at Deeral,2017-2018,21/9/2017 21:39,5.847296074,0.766955085,42999.90208,1396.152083
1110056,Mulgrave River at Deeral,2017-2018,23/9/2017 9:30,2.200032401,0.342429077,43001.39583,1397.645833
1110056,Mulgrave River at Deeral,2017-2018,19/10/2017 6:39,23.95096762,1.379323064,43027.27708,1423.527083
1110056,Mulgrave River at Deeral,2017-2018,19/10/2017 12:19,19.82893699,1.297299433,43027.51319,1423.763194
1110056,Mulgrave River at Deeral,2017-2018,19/10/2017 17:59,19.66413223,1.293674786,43027.74931,1423.999306
1110056,Mulgrave River at Deeral,2017-2018,20/10/2017 1:29,16.90596221,1.228039894,43028.06181,1424.311806
1110056,Mulgrave River at Deeral,2017-2018,6/11/2017 9:00,0.054966086,-1.259905186,43045.375,1441.625
1110056,Mulgrave River at Deeral,2017-2018,8/1/2018 17:00,1.929989383,0.28555492,43108.70833,1504.958333
1110056,Mulgrave River at Deeral,2017-2018,17/1/2018 8:09,11.1673856,1.047951512,43117.33958,1513.589583
1110056,Mulgrave River at Deeral,2017-2018,17/1/2018 13:49,23.6720797,1.374236414,43117.57569,1513.825694
1110056,Mulgrave River at Deeral,2017-2018,18/1/2018 1:09,11.7844608,1.071309716,43118.04792,1514.297917
1110056,Mulgrave River at Deeral,2017-2018,18/1/2018 6:49,15.27665475,1.184028264,43118.28403,1514.534028
1110056,Mulgrave River at Deeral,2017-2018,19/1/2018 2:59,6.019387621,0.779552311,43119.12431,1515.374306
1110056,Mulgrave River at Deeral,2017-2018,21/1/2018 10:05,2.245044838,0.351225019,43121.42014,1517.670139
1110056,Mulgrave River at Deeral,2017-2018,24/1/2018 17:15,2.361679073,0.373220881,43124.71875,1520.96875
1110056,Mulgrave River at Deeral,2017-2018,25/1/2018 16:30,4.851516246,0.68587749,43125.6875,1521.9375
1110056,Mulgrave River at Deeral,2017-2018,26/1/2018 21:19,3.038971444,0.482726619,43126.88819,1523.138194
1110056,Mulgrave River at Deeral,2017-2018,27/1/2018 2:59,2.05585987,0.312993509,43127.12431,1523.374306
1110056,Mulgrave River at Deeral,2017-2018,27/1/2018 14:19,1.888804961,0.276187115,43127.59653,1523.846528
1110056,Mulgrave River at Deeral,2017-2018,28/1/2018 1:39,1.558375985,0.192672247,43128.06875,1524.31875
1110056,Mulgrave River at Deeral,2017-2018,28/1/2018 12:59,1.918947386,0.283063067,43128.54097,1524.790972
1110056,Mulgrave River at Deeral,2017-2018,5/2/2018 9:42,16.10523626,1.2069671,43136.40417,1532.654167
1110056,Mulgrave River at Deeral,2017-2018,5/2/2018 15:52,14.3910496,1.15809247,43136.66111,1532.911111
1110056,Mulgrave River at Deeral,2017-2018,6/2/2018 1:02,7.565941607,0.878862985,43137.04306,1533.293056
1110056,Mulgrave River at Deeral,2017-2018,6/2/2018 10:12,6.205274102,0.79276097,43137.425,1533.675
1110056,Mulgrave River at Deeral,2017-2018,6/2/2018 19:22,3.091482668,0.490166816,43137.80694,1534.056944
1110056,Mulgrave River at Deeral,2017-2018,7/2/2018 4:32,2.321192168,0.365711097,43138.18889,1534.438889
1110056,Mulgrave River at Deeral,2017-2018,7/2/2018 13:42,3.978396223,0.599708034,43138.57083,1534.820833
1110056,Mulgrave River at Deeral,2017-2018,7/2/2018 22:52,4.22698519,0.626030726,43138.95278,1535.202778
1110056,Mulgrave River at Deeral,2017-2018,8/2/2018 8:02,3.576158187,0.553416721,43139.33472,1535.584722
1110056,Mulgrave River at Deeral,2017-2018,8/2/2018 17:12,2.290105624,0.359855513,43139.71667,1535.966667
1110056,Mulgrave River at Deeral,2017-2018,9/2/2018 2:22,1.595416662,0.202874123,43140.09861,1536.348611
1110056,Mulgrave River at Deeral,2017-2018,9/2/2018 11:32,1.727705058,0.237469605,43140.48056,1536.730556
1110056,Mulgrave River at Deeral,2017-2018,12/2/2018 8:47,0.054966086,-1.259905186,43143.36597,1539.615972
1110056,Mulgrave River at Deeral,2017-2018,19/2/2018 8:35,0.054966086,-1.259905186,43150.35764,1546.607639
1110056,Mulgrave River at Deeral,2017-2018,26/2/2018 8:10,5.045994893,0.702946807,43157.34028,1553.590278
1110056,Mulgrave River at Deeral,2017-2018,5/3/2018 8:15,0.054966086,-1.259905186,43164.34375,1560.59375
1110056,Mulgrave River at Deeral,2017-2018,7/3/2018 9:11,7.013326567,0.845924062,43166.38264,1562.632639
1110056,Mulgrave River at Deeral,2017-2018,7/3/2018 15:21,3.660262952,0.563512286,43166.63958,1562.889583
1110056,Mulgrave River at Deeral,2017-2018,8/3/2018 3:31,2.766455686,0.441923718,43167.14653,1563.396528
1110056,Mulgrave River at Deeral,2017-2018,8/3/2018 15:51,2.380291106,0.376630074,43167.66042,1563.910417
1110056,Mulgrave River at Deeral,2017-2018,9/3/2018 0:01,0.054966086,-1.259905186,43168.00069,1564.250694
1110056,Mulgrave River at Deeral,2017-2018,9/3/2018 8:51,0.117672783,-0.929323975,43168.36875,1564.61875
1110056,Mulgrave River at Deeral,2017-2018,9/3/2018 18:01,0.054966086,-1.259905186,43168.75069,1565.000694
1110056,Mulgrave River at Deeral,2017-2018,10/3/2018 3:11,0.054966086,-1.259905186,43169.13264,1565.382639
1110056,Mulgrave River at Deeral,2017-2018,10/3/2018 17:11,0.054966086,-1.259905186,43169.71597,1565.965972
1110056,Mulgrave River at Deeral,2017-2018,11/3/2018 2:21,0.054966086,-1.259905186,43170.09792,1566.347917
1110056,Mulgrave River at Deeral,2017-2018,12/3/2018 8:30,0.097198187,-1.012341834,43171.35417,1567.604167
1110056,Mulgrave River at Deeral,2017-2018,19/3/2018 11:00,0.054966086,-1.259905186,43178.45833,1574.708333
1110056,Mulgrave River at Deeral,2017-2018,22/3/2018 19:41,1.144633285,0.058666371,43181.82014,1578.070139
1110056,Mulgrave River at Deeral,2017-2018,23/3/2018 1:51,0.231500686,-0.635447718,43182.07708,1578.327083
1110056,Mulgrave River at Deeral,2017-2018,23/3/2018 18:01,0.054966086,-1.259905186,43182.75069,1579.000694
1110056,Mulgrave River at Deeral,2017-2018,24/3/2018 18:31,0.054966086,-1.259905186,43183.77153,1580.021528
1110056,Mulgrave River at Deeral,2017-2018,25/3/2018 6:41,1.506466036,0.177959345,43184.27847,1580.528472
1110056,Mulgrave River at Deeral,2017-2018,25/3/2018 18:51,0.054966086,-1.259905186,43184.78542,1581.035417
1110056,Mulgrave River at Deeral,2017-2018,26/3/2018 1:01,0.054966086,-1.259905186,43185.04236,1581.292361
1110056,Mulgrave River at Deeral,2017-2018,26/3/2018 8:40,0.054966086,-1.259905186,43185.36111,1581.611111
1110056,Mulgrave River at Deeral,2017-2018,26/3/2018 11:11,0.054966086,-1.259905186,43185.46597,1581.715972
1110056,Mulgrave River at Deeral,2017-2018,26/3/2018 17:21,1.144378246,0.058569594,43185.72292,1581.972917
1110056,Mulgrave River at Deeral,2017-2018,27/3/2018 2:31,1.102842781,0.042513605,43186.10486,1582.354861
1110056,Mulgrave River at Deeral,2017-2018,27/3/2018 14:41,0.054966086,-1.259905186,43186.61181,1582.861806
1110056,Mulgrave River at Deeral,2017-2018,28/3/2018 3:01,0.054966086,-1.259905186,43187.12569,1583.375694
1110056,Mulgrave River at Deeral,2017-2018,29/3/2018 13:57,0.054966086,-1.259905186,43188.58125,1584.83125
1110056,Mulgrave River at Deeral,2017-2018,31/3/2018 16:15,0.054966086,-1.259905186,43190.67708,1586.927083
1110056,Mulgrave River at Deeral,2017-2018,3/4/2018 9:40,0.054966086,-1.259905186,43193.40278,1589.652778
1110056,Mulgrave River at Deeral,2017-2018,9/4/2018 9:40,0.054966086,-1.259905186,43199.40278,1595.652778
1110056,Mulgrave River at Deeral,2017-2018,16/4/2018 8:10,0.054966086,-1.259905186,43206.34028,1602.590278
1110056,Mulgrave River at Deeral,2017-2018,23/4/2018 8:10,0.064882114,-1.187875009,43213.34028,1609.590278
1110056,Mulgrave River at Deeral,2017-2018,30/4/2018 9:10,0.064882114,-1.187875009,43220.38194,1616.631944
1110056,Mulgrave River at Deeral,2017-2018,31/5/2018 13:00,0.054966086,-1.259905186,43251.54167,1647.791667
1110056,Mulgrave River at Deeral,2018-2019,2/7/2018 9:15,0.259815664,-0.585334669,43283.38542,1679.635417
1110056,Mulgrave River at Deeral,2018-2019,2/7/2018 17:31,0.115767896,-0.936411859,43283.72986,1679.979861
1110056,Mulgrave River at Deeral,2018-2019,3/7/2018 17:51,0.002332955,-2.632093664,43284.74375,1680.99375
1110056,Mulgrave River at Deeral,2018-2019,4/7/2018 18:11,0.002332955,-2.632093664,43285.75764,1682.007639
1110056,Mulgrave River at Deeral,2018-2019,5/7/2018 19:15,0.002332955,-2.632093664,43286.80208,1683.052083
1110056,Mulgrave River at Deeral,2018-2019,9/7/2018 11:15,0.002332955,-2.632093664,43290.46875,1686.71875
1110056,Mulgrave River at Deeral,2018-2019,1/8/2018 11:15,0.002332955,-2.632093664,43313.46875,1709.71875
1110056,Mulgrave River at Deeral,2018-2019,3/9/2018 8:50,0.002332955,-2.632093664,43346.36806,1742.618056
1110056,Mulgrave River at Deeral,2018-2019,8/10/2018 13:00,0.002332955,-2.632093664,43381.54167,1777.791667
1110056,Mulgrave River at Deeral,2018-2019,5/11/2018 9:15,0.002332955,-2.632093664,43409.38542,1805.635417
1110056,Mulgrave River at Deeral,2018-2019,12/11/2018 9:40,3.29812394,0.518266972,43416.40278,1812.652778
1110056,Mulgrave River at Deeral,2018-2019,19/11/2018 9:30,0.002332955,-2.632093664,43423.39583,1819.645833
1110056,Mulgrave River at Deeral,2018-2019,26/11/2018 9:05,0.002332955,-2.632093664,43430.37847,1826.628472
1110056,Mulgrave River at Deeral,2018-2019,3/12/2018 9:10,0.002332955,-2.632093664,43437.38194,1833.631944
1110056,Mulgrave River at Deeral,2018-2019,8/12/2018 15:24,1.402933549,0.147037101,43442.64167,1838.891667
1110056,Mulgrave River at Deeral,2018-2019,10/12/2018 9:00,13.11420159,1.117741855,43444.375,1840.625
1110056,Mulgrave River at Deeral,2018-2019,11/12/2018 17:39,19.36432647,1.287002396,43445.73542,1841.985417
1110056,Mulgrave River at Deeral,2018-2019,12/12/2018 4:39,8.465013738,0.927627667,43446.19375,1842.44375
1110056,Mulgrave River at Deeral,2018-2019,15/12/2018 20:52,17.65044324,1.246755616,43449.86944,1846.119444
1110056,Mulgrave River at Deeral,2018-2019,16/12/2018 2:22,11.57185656,1.063403042,43450.09861,1846.348611
1110056,Mulgrave River at Deeral,2018-2019,16/12/2018 7:52,15.87267329,1.200650077,43450.32778,1846.577778
1110056,Mulgrave River at Deeral,2018-2019,16/12/2018 13:22,11.66298663,1.066809778,43450.55694,1846.806944
1110056,Mulgrave River at Deeral,2018-2019,17/12/2018 1:22,6.042478394,0.781215106,43451.05694,1847.306944
1110056,Mulgrave River at Deeral,2018-2019,17/12/2018 9:30,3.627828631,0.559646764,43451.39583,1847.645833
1110056,Mulgrave River at Deeral,2018-2019,24/12/2018 9:15,0.014721964,-1.832034261,43458.38542,1854.635417
1110056,Mulgrave River at Deeral,2018-2019,24/12/2018 19:58,17.10148872,1.233033918,43458.83194,1855.081944
1110056,Mulgrave River at Deeral,2018-2019,25/12/2018 9:32,6.049764352,0.781738458,43459.39722,1855.647222
1110056,Mulgrave River at Deeral,2018-2019,26/12/2018 0:01,6.182819857,0.791186593,43460.00069,1856.250694
1110056,Mulgrave River at Deeral,2018-2019,26/12/2018 12:01,5.189772964,0.715148359,43460.50069,1856.750694
1110056,Mulgrave River at Deeral,2018-2019,27/12/2018 9:01,5.084557337,0.706253149,43461.37569,1857.625694
1110056,Mulgrave River at Deeral,2018-2019,28/12/2018 2:09,2.95430713,0.470455643,43462.08958,1858.339583
1110056,Mulgrave River at Deeral,2018-2019,28/12/2018 14:09,2.712585702,0.433383468,43462.58958,1858.839583
1110056,Mulgrave River at Deeral,2018-2019,31/12/2018 9:30,3.395844954,0.530947853,43465.39583,1861.645833
1110056,Mulgrave River at Deeral,2018-2019,1/1/2019 16:20,1.814095627,0.258660176,43466.68056,1862.930556
1110056,Mulgrave River at Deeral,2018-2019,7/1/2019 8:40,0.014752985,-1.831120099,43472.36111,1868.611111
1110056,Mulgrave River at Deeral,2018-2019,14/1/2019 8:45,0.915704901,-0.038244461,43479.36458,1875.614583
1110056,Mulgrave River at Deeral,2018-2019,15/1/2019 9:09,2.092292629,0.320622425,43480.38125,1876.63125
1110056,Mulgrave River at Deeral,2018-2019,16/1/2019 3:09,1.546648911,0.18939174,43481.13125,1877.38125
1110056,Mulgrave River at Deeral,2018-2019,17/1/2019 3:09,0.014752985,-1.831120099,43482.13125,1878.38125
1110056,Mulgrave River at Deeral,2018-2019,19/1/2019 21:23,2.654058202,0.423910442,43484.89097,1881.140972
1110056,Mulgrave River at Deeral,2018-2019,20/1/2019 3:23,2.128931731,0.328161735,43485.14097,1881.390972
1110056,Mulgrave River at Deeral,2018-2019,20/1/2019 15:23,2.06900991,0.315762571,43485.64097,1881.890972
1110056,Mulgrave River at Deeral,2018-2019,21/1/2019 3:23,2.528397885,0.402845418,43486.14097,1882.390972
1110056,Mulgrave River at Deeral,2018-2019,25/1/2019 14:12,3.989864962,0.600958197,43490.59167,1886.841667
1110056,Mulgrave River at Deeral,2018-2019,26/1/2019 0:57,5.250257856,0.720180633,43491.03958,1887.289583
1110056,Mulgrave River at Deeral,2018-2019,26/1/2019 7:57,2.52514676,0.402286624,43491.33125,1887.58125
1110056,Mulgrave River at Deeral,2018-2019,26/1/2019 19:34,2.796643865,0.446637165,43491.81528,1888.065278
1110056,Mulgrave River at Deeral,2018-2019,27/1/2019 13:00,2.081336822,0.318342368,43492.54167,1888.791667
1110056,Mulgrave River at Deeral,2018-2019,28/1/2019 3:46,1.35924796,0.13329869,43493.15694,1889.406944
1110056,Mulgrave River at Deeral,2018-2019,28/1/2019 9:35,0.128173837,-0.892200614,43493.39931,1889.649306
1110056,Mulgrave River at Deeral,2018-2019,28/1/2019 20:58,1.518767784,0.181491376,43493.87361,1890.123611
1110056,Mulgrave River at Deeral,2018-2019,29/1/2019 2:58,1.88455213,0.275208155,43494.12361,1890.373611
1110056,Mulgrave River at Deeral,2018-2019,30/1/2019 5:57,1.104603473,0.043206404,43495.24792,1891.497917
1110056,Mulgrave River at Deeral,2018-2019,31/1/2019 11:15,1.720548727,0.235666976,43496.46875,1892.71875
1110056,Mulgrave River at Deeral,2018-2019,4/2/2019 9:00,0.014752985,-1.831120099,43500.375,1896.625
1110056,Mulgrave River at Deeral,2018-2019,11/2/2019 9:30,0.014752985,-1.831120099,43507.39583,1903.645833
1110056,Mulgrave River at Deeral,2018-2019,18/2/2019 9:00,0.014752985,-1.831120099,43514.375,1910.625
1110056,Mulgrave River at Deeral,2018-2019,25/2/2019 9:45,8.716542085,0.940344231,43521.40625,1917.65625
1110056,Mulgrave River at Deeral,2018-2019,3/3/2019 13:40,1.586264263,0.20037554,43527.56944,1923.819444
1110056,Mulgrave River at Deeral,2018-2019,11/3/2019 9:45,1.144396693,0.058576594,43535.40625,1931.65625
1110056,Mulgrave River at Deeral,2018-2019,18/3/2019 8:45,7.851782472,0.894968259,43542.36458,1938.614583
1110056,Mulgrave River at Deeral,2018-2019,19/3/2019 13:18,5.19349955,0.715460098,43543.55417,1939.804167
1110056,Mulgrave River at Deeral,2018-2019,20/3/2019 13:18,2.220732354,0.34649622,43544.55417,1940.804167
1110056,Mulgrave River at Deeral,2018-2019,21/3/2019 1:18,2.299653915,0.361662482,43545.05417,1941.304167
1110056,Mulgrave River at Deeral,2018-2019,22/3/2019 15:56,1.792123897,0.253368031,43546.66389,1942.913889
1110056,Mulgrave River at Deeral,2018-2019,23/3/2019 15:56,1.596028923,0.203040757,43547.66389,1943.913889
1110056,Mulgrave River at Deeral,2018-2019,24/3/2019 15:56,1.276004172,0.105852094,43548.66389,1944.913889
1110056,Mulgrave River at Deeral,2018-2019,25/3/2019 14:28,0.064901331,-1.187746399,43549.60278,1945.852778
1110056,Mulgrave River at Deeral,2018-2019,29/3/2019 11:15,19.31240739,1.285836414,43553.46875,1949.71875
1110056,Mulgrave River at Deeral,2018-2019,29/3/2019 23:15,0.064901331,-1.187746399,43553.96875,1950.21875
1110056,Mulgrave River at Deeral,2018-2019,30/3/2019 11:15,0.064901331,-1.187746399,43554.46875,1950.71875
1110056,Mulgrave River at Deeral,2018-2019,31/3/2019 11:15,0.737408278,-0.132291991,43555.46875,1951.71875
1110056,Mulgrave River at Deeral,2018-2019,1/4/2019 11:15,0.365789316,-0.436768984,43556.46875,1952.71875
1110056,Mulgrave River at Deeral,2018-2019,1/4/2019 15:15,0.127601794,-0.894143219,43556.63542,1952.885417
1110056,Mulgrave River at Deeral,2018-2019,1/4/2019 21:22,0.054984736,-1.259757857,43556.89028,1953.140278
1110056,Mulgrave River at Deeral,2018-2019,2/4/2019 18:37,3.474401425,0.540879994,43557.77569,1954.025694
1110056,Mulgrave River at Deeral,2018-2019,3/4/2019 12:37,0.054984736,-1.259757857,43558.52569,1954.775694
1110056,Mulgrave River at Deeral,2018-2019,4/4/2019 4:37,0.054984736,-1.259757857,43559.19236,1955.442361
1110056,Mulgrave River at Deeral,2018-2019,4/4/2019 22:37,0.054984736,-1.259757857,43559.94236,1956.192361
1110056,Mulgrave River at Deeral,2018-2019,5/4/2019 7:37,0.117691421,-0.929255193,43560.31736,1956.567361
1110056,Mulgrave River at Deeral,2018-2019,5/4/2019 16:37,0.054984736,-1.259757857,43560.69236,1956.942361
1110056,Mulgrave River at Deeral,2018-2019,6/4/2019 1:37,0.054984736,-1.259757857,43561.06736,1957.317361
1110056,Mulgrave River at Deeral,2018-2019,6/4/2019 22:22,0.054984736,-1.259757857,43561.93194,1958.181944
1110056,Mulgrave River at Deeral,2018-2019,9/4/2019 19:51,0.054984736,-1.259757857,43564.82708,1961.077083
1110056,Mulgrave River at Deeral,2018-2019,14/4/2019 9:02,0.054984736,-1.259757857,43569.37639,1965.626389
1110056,Mulgrave River at Deeral,2018-2019,15/4/2019 9:45,0.054984736,-1.259757857,43570.40625,1966.65625
1110056,Mulgrave River at Deeral,2018-2019,22/4/2019 9:30,0.054984736,-1.259757857,43577.39583,1973.645833
1110056,Mulgrave River at Deeral,2018-2019,29/4/2019 9:10,0.054984736,-1.259757857,43584.38194,1980.631944
1110056,Mulgrave River at Deeral,2018-2019,7/5/2019 9:32,0.054984736,-1.259757857,43592.39722,1988.647222
1110056,Mulgrave River at Deeral,2018-2019,15/5/2019 12:48,0.054984736,-1.259757857,43600.53333,1996.783333
1110056,Mulgrave River at Deeral,2018-2019,16/5/2019 9:38,0.054984736,-1.259757857,43601.40139,1997.651389
1110056,Mulgrave River at Deeral,2018-2019,3/6/2019 8:45,0.054984736,-1.259757857,43619.36458,2015.614583
1110056,Mulgrave River at Deeral,2018-2019,29/6/2019 14:48,0.064900762,-1.187750206,43645.61667,2041.866667
1110056,Mulgrave River at Deeral,2019-2020,29/7/2019 8:30,0.002323038,-2.633943702,43675.35417,2071.604167
1110056,Mulgrave River at Deeral,2019-2020,30/9/2019 9:34,0.002323038,-2.633943702,43738.39861,2134.648611
1110056,Mulgrave River at Deeral,2019-2020,4/11/2019 8:35,0.002323038,-2.633943702,43773.35764,2169.607639
1110056,Mulgrave River at Deeral,2019-2020,11/11/2019 8:35,0.002323038,-2.633943702,43780.35764,2176.607639
1110056,Mulgrave River at Deeral,2019-2020,18/11/2019 8:37,0.002323038,-2.633943702,43787.35903,2183.609028
1110056,Mulgrave River at Deeral,2019-2020,25/11/2019 8:38,0.002323038,-2.633943702,43794.35972,2190.609722
1110056,Mulgrave River at Deeral,2019-2020,2/12/2019 9:23,0.002323038,-2.633943702,43801.39097,2197.640972
1110056,Mulgrave River at Deeral,2019-2020,9/12/2019 9:07,0.164037253,-0.785057511,43808.37986,2204.629861
1110056,Mulgrave River at Deeral,2019-2020,16/12/2019 9:04,0.002323038,-2.633943702,43815.37778,2211.627778
1110056,Mulgrave River at Deeral,2019-2020,23/12/2019 8:42,0.002323038,-2.633943702,43822.3625,2218.6125
1110056,Mulgrave River at Deeral,2019-2020,30/12/2019 9:07,4.938972483,0.693636607,43829.37986,2225.629861
1110056,Mulgrave River at Deeral,2019-2020,6/1/2020 10:39,2.618767878,0.418097005,43836.44375,2232.69375
1110056,Mulgrave River at Deeral,2019-2020,13/1/2020 16:43,0.488271496,-0.311338628,43843.69653,2239.946528
1110056,Mulgrave River at Deeral,2019-2020,21/1/2020 9:42,0.462463087,-0.334922926,43851.40417,2247.654167
1110056,Mulgrave River at Deeral,2019-2020,25/1/2020 15:31,0.07745391,-1.110956652,43855.64653,2251.896528
1110056,Mulgrave River at Deeral,2019-2020,26/1/2020 1:01,0.462317276,-0.335059877,43856.04236,2252.292361
1110056,Mulgrave River at Deeral,2019-2020,26/1/2020 16:34,11.5156326,1.0612878,43856.69028,2252.940278
1110056,Mulgrave River at Deeral,2019-2020,27/1/2020 13:20,10.39493849,1.016821924,43857.55556,2253.805556
1110056,Mulgrave River at Deeral,2019-2020,28/1/2020 14:17,1.892275985,0.276984478,43858.59514,2254.845139
1110056,Mulgrave River at Deeral,2019-2020,29/1/2020 12:21,13.00540442,1.114123862,43859.51458,2255.764583
1110056,Mulgrave River at Deeral,2019-2020,29/1/2020 17:51,9.599259809,0.982237746,43859.74375,2255.99375
1110056,Mulgrave River at Deeral,2019-2020,29/1/2020 23:21,6.40078216,0.806233047,43859.97292,2256.222917
1110056,Mulgrave River at Deeral,2019-2020,30/1/2020 4:51,4.128798518,0.61582369,43860.20208,2256.452083
1110056,Mulgrave River at Deeral,2019-2020,30/1/2020 10:21,3.265294212,0.513922319,43860.43125,2256.68125
1110056,Mulgrave River at Deeral,2019-2020,30/1/2020 15:51,3.245907292,0.511336112,43860.66042,2256.910417
1110056,Mulgrave River at Deeral,2019-2020,3/2/2020 9:04,1.425847503,0.154073079,43864.37778,2260.627778
1110056,Mulgrave River at Deeral,2019-2020,9/2/2020 12:46,0.117660477,-0.929369394,43870.53194,2266.781944
1110056,Mulgrave River at Deeral,2019-2020,17/2/2020 8:53,0.054953773,-1.260002487,43878.37014,2274.620139
1110056,Mulgrave River at Deeral,2019-2020,23/2/2020 7:28,9.297165514,0.968350563,43884.31111,2280.561111
1110056,Mulgrave River at Deeral,2019-2020,23/2/2020 13:51,12.23819129,1.087717237,43884.57708,2280.827083
1110056,Mulgrave River at Deeral,2019-2020,23/2/2020 16:23,7.763958613,0.890083212,43884.68264,2280.932639
1110056,Mulgrave River at Deeral,2019-2020,24/2/2020 3:23,3.568885867,0.552532659,43885.14097,2281.390972
1110056,Mulgrave River at Deeral,2019-2020,24/2/2020 15:11,7.031447517,0.84704474,43885.63264,2281.882639
1110056,Mulgrave River at Deeral,2019-2020,25/2/2020 2:14,5.397618442,0.732202181,43886.09306,2282.343056
1110056,Mulgrave River at Deeral,2019-2020,25/2/2020 15:50,2.540199658,0.404867853,43886.65972,2282.909722
1110056,Mulgrave River at Deeral,2019-2020,26/2/2020 2:50,8.743193517,0.941670091,43887.11806,2283.368056
1110056,Mulgrave River at Deeral,2019-2020,26/2/2020 17:24,5.711555262,0.756754383,43887.725,2283.975
1110056,Mulgrave River at Deeral,2019-2020,27/2/2020 6:28,2.254731535,0.353094839,43888.26944,2284.519444
1110056,Mulgrave River at Deeral,2019-2020,28/2/2020 18:19,3.084322935,0.489159843,43889.76319,2286.013194
1110056,Mulgrave River at Deeral,2019-2020,29/2/2020 6:19,1.425972464,0.154111139,43890.26319,2286.513194
1110056,Mulgrave River at Deeral,2019-2020,29/2/2020 17:37,0.446461719,-0.350215773,43890.73403,2286.984028
1110056,Mulgrave River at Deeral,2019-2020,1/3/2020 15:37,0.115130012,-0.938811452,43891.65069,2287.900694
1110056,Mulgrave River at Deeral,2019-2020,2/3/2020 10:29,0.064869802,-1.18795743,43892.43681,2288.686806
1110056,Mulgrave River at Deeral,2019-2020,8/3/2020 12:19,1.782668168,0.25107051,43898.51319,2294.763194
1110056,Mulgrave River at Deeral,2019-2020,12/3/2020 14:13,0.081639179,-1.088101372,43902.59236,2298.842361
1110056,Mulgrave River at Deeral,2019-2020,12/3/2020 18:25,0.144329141,-0.840645973,43902.76736,2299.017361
1110056,Mulgrave River at Deeral,2019-2020,13/3/2020 5:25,0.243225126,-0.613991563,43903.22569,2299.475694
1110056,Mulgrave River at Deeral,2019-2020,13/3/2020 16:25,0.081639179,-1.088101372,43903.68403,2299.934028
1110056,Mulgrave River at Deeral,2019-2020,14/3/2020 8:55,0.081639179,-1.088101372,43904.37153,2300.621528
1110056,Mulgrave River at Deeral,2019-2020,14/3/2020 19:55,0.081639179,-1.088101372,43904.82986,2301.079861
1110056,Mulgrave River at Deeral,2019-2020,15/3/2020 15:40,0.081639179,-1.088101372,43905.65278,2301.902778
1110056,Mulgrave River at Deeral,2019-2020,20/3/2020 11:47,0.064869802,-1.18795743,43910.49097,2306.740972
1110056,Mulgrave River at Deeral,2019-2020,20/3/2020 23:47,0.064869802,-1.18795743,43910.99097,2307.240972
1110056,Mulgrave River at Deeral,2019-2020,21/3/2020 13:44,0.064869802,-1.18795743,43911.57222,2307.822222
1110056,Mulgrave River at Deeral,2019-2020,22/3/2020 1:44,0.064869802,-1.18795743,43912.07222,2308.322222
1110056,Mulgrave River at Deeral,2019-2020,23/3/2020 1:44,0.064869802,-1.18795743,43913.07222,2309.322222
1110056,Mulgrave River at Deeral,2019-2020,27/3/2020 15:15,0.127570285,-0.894250474,43917.63542,2313.885417
1110056,Mulgrave River at Deeral,2019-2020,28/3/2020 4:23,0.064869802,-1.18795743,43918.18264,2314.432639
1110056,Mulgrave River at Deeral,2019-2020,28/3/2020 16:23,0.064869802,-1.18795743,43918.68264,2314.932639
1110056,Mulgrave River at Deeral,2019-2020,29/3/2020 4:23,0.064869802,-1.18795743,43919.18264,2315.432639
1110056,Mulgrave River at Deeral,2019-2020,29/3/2020 16:23,0.064869802,-1.18795743,43919.68264,2315.932639
1110056,Mulgrave River at Deeral,2019-2020,30/3/2020 4:23,0.064869802,-1.18795743,43920.18264,2316.432639
1110056,Mulgrave River at Deeral,2019-2020,31/3/2020 18:27,0.064869802,-1.18795743,43921.76875,2318.01875
1110056,Mulgrave River at Deeral,2019-2020,1/4/2020 18:27,0.064869802,-1.18795743,43922.76875,2319.01875
1110056,Mulgrave River at Deeral,2019-2020,2/4/2020 22:44,0.064869802,-1.18795743,43923.94722,2320.197222
1110056,Mulgrave River at Deeral,2019-2020,3/4/2020 22:44,0.064869802,-1.18795743,43924.94722,2321.197222
1110056,Mulgrave River at Deeral,2019-2020,13/4/2020 16:32,1.352243366,0.131054859,43934.68889,2330.938889
1110056,Mulgrave River at Deeral,2019-2020,17/4/2020 6:49,0.831112691,-0.080340086,43938.28403,2334.534028
1110056,Mulgrave River at Deeral,2019-2020,17/4/2020 12:19,0.727527662,-0.138150489,43938.51319,2334.763194
1110056,Mulgrave River at Deeral,2019-2020,17/4/2020 17:49,0.355871708,-0.448706537,43938.74236,2334.992361
1110056,Mulgrave River at Deeral,2019-2020,18/4/2020 0:15,0.216582875,-0.664375886,43939.01042,2335.260417
1110056,Mulgrave River at Deeral,2019-2020,20/4/2020 9:14,0.117660477,-0.929369394,43941.38472,2337.634722
1110056,Mulgrave River at Deeral,2019-2020,27/4/2020 5:56,0.127570285,-0.894250474,43948.24722,2344.497222
1110056,Mulgrave River at Deeral,2019-2020,27/4/2020 16:14,1.832132312,0.262956834,43948.67639,2344.926389
1110056,Mulgrave River at Deeral,2019-2020,30/4/2020 9:03,0.064869802,-1.18795743,43951.37708,2347.627083
1110056,Mulgrave River at Deeral,2019-2020,4/5/2020 9:34,0.064869802,-1.18795743,43955.39861,2351.648611
1110056,Mulgrave River at Deeral,2019-2020,19/5/2020 13:34,0.054953773,-1.260002487,43970.56528,2366.815278
1110056,Mulgrave River at Deeral,2019-2020,20/5/2020 1:34,0.054953773,-1.260002487,43971.06528,2367.315278
1110056,Mulgrave River at Deeral,2019-2020,20/5/2020 15:38,0.216582875,-0.664375886,43971.65139,2367.901389
1110056,Mulgrave River at Deeral,2019-2020,21/5/2020 1:34,0.054953773,-1.260002487,43972.06528,2368.315278
1110056,Mulgrave River at Deeral,2019-2020,21/5/2020 13:34,0.054953773,-1.260002487,43972.56528,2368.815278
1110056,Mulgrave River at Deeral,2019-2020,22/5/2020 1:34,0.054953773,-1.260002487,43973.06528,2369.315278
1110056,Mulgrave River at Deeral,2019-2020,22/5/2020 15:58,0.054953773,-1.260002487,43973.66528,2369.915278
1110056,Mulgrave River at Deeral,2019-2020,1/6/2020 9:30,0.054953773,-1.260002487,43983.39583,2379.645833
1110056,Mulgrave River at Deeral,2019-2020,19/6/2020 12:46,0.054953773,-1.260002487,44001.53194,2397.781944
1110056,Mulgrave River at Deeral,2019-2020,20/6/2020 13:53,0.054953773,-1.260002487,44002.57847,2398.828472
1110056,Mulgrave River at Deeral,2019-2020,21/6/2020 13:57,0.054953773,-1.260002487,44003.58125,2399.83125
1110056,Mulgrave River at Deeral,2019-2020,22/6/2020 14:23,0.054953773,-1.260002487,44004.59931,2400.849306
1110056,Mulgrave River at Deeral,2019-2020,29/6/2020 8:42,0.054953773,-1.260002487,44011.3625,2407.6125
1110056,Mulgrave River at Deeral,2020-2021,1/7/2020 23:20,0.002323038,-2.633943702,44013.97222,2410.222222
1110056,Mulgrave River at Deeral,2020-2021,3/7/2020 10:15,0.002323038,-2.633943702,44015.42708,2411.677083
1110056,Mulgrave River at Deeral,2020-2021,18/9/2020 17:40,1.466474674,0.166274567,44092.73611,2488.986111
1110056,Mulgrave River at Deeral,2020-2021,3/11/2020 13:13,0.01438537,-1.84207896,44138.55069,2534.800694
1110056,Mulgrave River at Deeral,2020-2021,16/11/2020 12:02,0.01438537,-1.84207896,44151.50139,2547.751389
1110056,Mulgrave River at Deeral,2020-2021,30/11/2020 13:42,1.766739717,0.247172572,44165.57083,2561.820833
1110056,Mulgrave River at Deeral,2020-2021,14/12/2020 14:35,4.75658879,0.677295608,44179.60764,2575.857639
1110056,Mulgrave River at Deeral,2020-2021,24/12/2020 8:41,0.014752939,-1.831121446,44189.36181,2585.611806
1110056,Mulgrave River at Deeral,2020-2021,1/1/2021 1:11,7.701089649,0.886552179,44197.04931,2593.299306
1110056,Mulgrave River at Deeral,2020-2021,2/1/2021 5:39,6.276445525,0.797713764,44198.23542,2594.485417
1110056,Mulgrave River at Deeral,2020-2021,4/1/2021 6:50,2.396611072,0.379597561,44200.28472,2596.534722
1110056,Mulgrave River at Deeral,2020-2021,4/1/2021 19:20,3.895486821,0.590561739,44200.80556,2597.055556
1110056,Mulgrave River at Deeral,2020-2021,5/1/2021 1:20,4.618122463,0.664465445,44201.05556,2597.305556
1110056,Mulgrave River at Deeral,2020-2021,5/1/2021 7:20,4.510934535,0.654266524,44201.30556,2597.555556
1110056,Mulgrave River at Deeral,2020-2021,6/1/2021 1:20,6.106987684,0.785827044,44202.05556,2598.305556
1110056,Mulgrave River at Deeral,2020-2021,7/1/2021 9:33,2.407261227,0.381523221,44203.39792,2599.647917
1110056,Mulgrave River at Deeral,2020-2021,11/1/2021 12:00,0.014752985,-1.831120099,44207.5,2603.75
1110056,Mulgrave River at Deeral,2020-2021,14/1/2021 19:04,0.315791959,-0.500598933,44210.79444,2607.044444
1110056,Mulgrave River at Deeral,2020-2021,15/1/2021 20:04,0.014752985,-1.831120099,44211.83611,2608.086111
1110056,Mulgrave River at Deeral,2020-2021,18/1/2021 8:27,4.494270702,0.652659228,44214.35208,2610.602083
1110056,Mulgrave River at Deeral,2020-2021,18/1/2021 17:27,2.536771064,0.404281275,44214.72708,2610.977083
1110056,Mulgrave River at Deeral,2020-2021,19/1/2021 5:30,0.382940318,-0.416868906,44215.22917,2611.479167
1110056,Mulgrave River at Deeral,2020-2021,1/2/2021 13:58,2.682572601,0.428551485,44228.58194,2624.831944
1110056,Mulgrave River at Deeral,2020-2021,12/2/2021 11:56,15.57354322,1.192387433,44239.49722,2635.747222
1110056,Mulgrave River at Deeral,2020-2021,13/2/2021 2:50,6.322846825,0.800912661,44240.11806,2636.368056
1110056,Mulgrave River at Deeral,2020-2021,14/2/2021 2:43,1.531648529,0.185159118,44241.11319,2637.363194
1110056,Mulgrave River at Deeral,2020-2021,15/2/2021 14:29,0.064912424,-1.187672174,44242.60347,2638.853472
1110056,Mulgrave River at Deeral,2020-2021,19/2/2021 6:12,3.007470336,0.478201352,44246.25833,2642.508333
1110056,Mulgrave River at Deeral,2020-2021,19/2/2021 18:12,1.675533818,0.224153198,44246.75833,2643.008333
1110056,Mulgrave River at Deeral,2020-2021,20/2/2021 17:06,0.064912424,-1.187672174,44247.7125,2643.9625
1110056,Mulgrave River at Deeral,2020-2021,21/2/2021 15:30,0.064912424,-1.187672174,44248.64583,2644.895833
1110056,Mulgrave River at Deeral,2020-2021,27/2/2021 12:46,0.21662531,-0.664290802,44254.53194,2650.781944
1110056,Mulgrave River at Deeral,2020-2021,1/3/2021 16:40,0.413309325,-0.383724796,44256.69444,2652.944444
1110056,Mulgrave River at Deeral,2020-2021,2/3/2021 4:10,1.144408108,0.058580926,44257.17361,2653.423611
1110056,Mulgrave River at Deeral,2020-2021,2/3/2021 14:50,0.054996277,-1.259666709,44257.61806,2653.868056
1110056,Mulgrave River at Deeral,2020-2021,3/3/2021 2:50,0.054996277,-1.259666709,44258.11806,2654.368056
1110056,Mulgrave River at Deeral,2020-2021,4/3/2021 8:48,0.054996277,-1.259666709,44259.36667,2655.616667
1110056,Mulgrave River at Deeral,2020-2021,15/3/2021 11:05,0.054996277,-1.259666709,44270.46181,2666.711806
1110056,Mulgrave River at Deeral,2020-2021,29/3/2021 6:31,7.662783664,0.884386565,44284.27153,2680.521528
1110056,Mulgrave River at Deeral,2020-2021,30/3/2021 17:44,0.054996277,-1.259666709,44285.73889,2681.988889
1110056,Mulgrave River at Deeral,2020-2021,12/4/2021 10:10,0.054996277,-1.259666709,44298.42361,2694.673611
1110056,Mulgrave River at Deeral,2020-2021,18/4/2021 23:30,0.054996277,-1.259666709,44304.97917,2701.229167
1110056,Mulgrave River at Deeral,2020-2021,19/4/2021 7:18,0.054996277,-1.259666709,44305.30417,2701.554167
1110056,Mulgrave River at Deeral,2020-2021,20/4/2021 1:00,0.054996277,-1.259666709,44306.04167,2702.291667
1110056,Mulgrave River at Deeral,2020-2021,21/4/2021 9:50,0.054996277,-1.259666709,44307.40972,2703.659722
1110056,Mulgrave River at Deeral,2020-2021,22/4/2021 15:08,1.262807085,0.10133701,44308.63056,2704.880556
1110056,Mulgrave River at Deeral,2020-2021,23/4/2021 3:08,0.054996277,-1.259666709,44309.13056,2705.380556
1110056,Mulgrave River at Deeral,2020-2021,26/4/2021 13:08,0.054996277,-1.259666709,44312.54722,2708.797222
1110056,Mulgrave River at Deeral,2020-2021,28/4/2021 13:40,0.054996277,-1.259666709,44314.56944,2710.819444
1110056,Mulgrave River at Deeral,2020-2021,30/4/2021 9:26,0.054996277,-1.259666709,44316.39306,2712.643056
1110056,Mulgrave River at Deeral,2020-2021,2/5/2021 9:26,0.054996277,-1.259666709,44318.39306,2714.643056
1110056,Mulgrave River at Deeral,2020-2021,10/5/2021 9:50,0.054996277,-1.259666709,44326.40972,2722.659722
1110056,Mulgrave River at Deeral,2020-2021,24/5/2021 9:27,0.054996277,-1.259666709,44340.39375,2736.64375
1110056,Mulgrave River at Deeral,2020-2021,7/6/2021 10:00,0.054996277,-1.259666709,44354.41667,2750.666667
1110056,Mulgrave River at Deeral,2020-2021,25/6/2021 13:43,0.054996277,-1.259666709,44372.57153,2768.821528
1110056,Mulgrave River at Deeral,2020-2021,30/6/2021 8:16,0.117702955,-0.929212633,44377.34444,2773.594444
1110056,Mulgrave River at Deeral,2021-2022,1/7/2021 8:16,0.002323038,-2.633943702,44378.34444,2774.594444
1110056,Mulgrave River at Deeral,2021-2022,31/8/2021 22:10,9.674287504,0.98561899,44439.92361,2836.173611
1110056,Mulgrave River at Deeral,2021-2022,1/9/2021 12:12,11.84155114,1.073408595,44440.50833,2836.758333
1110056,Mulgrave River at Deeral,2021-2022,2/9/2021 0:12,16.37084937,1.214071213,44441.00833,2837.258333
1110056,Mulgrave River at Deeral,2021-2022,2/9/2021 12:12,9.539938865,0.979545592,44441.50833,2837.758333
1110056,Mulgrave River at Deeral,2021-2022,1/10/2021 8:42,0.054627181,-1.262591213,44470.3625,2866.6125
1110056,Mulgrave River at Deeral,2021-2022,1/11/2021 8:16,0.054627181,-1.262591213,44501.34444,2897.594444
1110056,Mulgrave River at Deeral,2021-2022,15/11/2021 9:11,1.102507429,0.042381525,44515.38264,2911.632639
1110056,Mulgrave River at Deeral,2021-2022,29/11/2021 8:56,0.054627181,-1.262591213,44529.37222,2925.622222
1110056,Mulgrave River at Deeral,2021-2022,13/12/2021 9:21,0.054627181,-1.262591213,44543.38958,2939.639583
1110056,Mulgrave River at Deeral,2021-2022,27/12/2021 8:28,0.054627181,-1.262591213,44557.35278,2953.602778
1110056,Mulgrave River at Deeral,2021-2022,3/1/2022 13:50,0.11733409,-0.930575789,44564.57639,2960.826389
1110056,Mulgrave River at Deeral,2021-2022,4/1/2022 0:50,0.3555461,-0.449104081,44565.03472,2961.284722
1110056,Mulgrave River at Deeral,2021-2022,4/1/2022 16:05,3.006061084,0.477997801,44565.67014,2961.920139
1110056,Mulgrave River at Deeral,2021-2022,10/1/2022 8:16,0.054627181,-1.262591213,44571.34444,2967.594444
1110056,Mulgrave River at Deeral,2021-2022,11/1/2022 10:00,7.922448668,0.898859434,44572.41667,2968.666667
1110056,Mulgrave River at Deeral,2021-2022,11/1/2022 21:00,5.942094849,0.77393958,44572.875,2969.125
1110056,Mulgrave River at Deeral,2021-2022,12/1/2022 13:30,5.250565752,0.720206101,44573.5625,2969.8125
1110056,Mulgrave River at Deeral,2021-2022,13/1/2022 6:00,3.848449208,0.585285759,44574.25,2970.5
1110056,Mulgrave River at Deeral,2021-2022,22/1/2022 15:40,7.41023289,0.869831857,44583.65278,2979.902778
1110056,Mulgrave River at Deeral,2021-2022,23/1/2022 2:40,7.834578711,0.894015648,44584.11111,2980.361111
1110056,Mulgrave River at Deeral,2021-2022,23/1/2022 19:10,4.870878053,0.687607257,44584.79861,2981.048611
1110056,Mulgrave River at Deeral,2021-2022,24/1/2022 6:10,3.193313376,0.50424154,44585.25694,2981.506944
1110056,Mulgrave River at Deeral,2021-2022,28/1/2022 22:21,0.054953773,-1.260002487,44589.93125,2986.18125
1110056,Mulgrave River at Deeral,2021-2022,29/1/2022 10:01,5.783746925,0.762209282,44590.41736,2986.667361
1110056,Mulgrave River at Deeral,2021-2022,30/1/2022 9:21,2.358761995,0.372684122,44591.38958,2987.639583
1110056,Mulgrave River at Deeral,2021-2022,31/1/2022 20:21,1.977223061,0.296055667,44592.84792,2989.097917
1110056,Mulgrave River at Deeral,2021-2022,1/2/2022 8:01,1.586233774,0.200367193,44593.33403,2989.584028
1110056,Mulgrave River at Deeral,2021-2022,5/2/2022 16:30,1.102830597,0.042508807,44597.6875,2993.9375
1110056,Mulgrave River at Deeral,2021-2022,6/2/2022 15:50,0.054953773,-1.260002487,44598.65972,2994.909722
1110056,Mulgrave River at Deeral,2021-2022,7/2/2022 16:27,0.054953773,-1.260002487,44599.68542,2995.935417
1110056,Mulgrave River at Deeral,2021-2022,20/2/2022 15:23,1.236186829,0.092084112,44612.64097,3008.890972
1110056,Mulgrave River at Deeral,2021-2022,7/3/2022 13:30,0.054953773,-1.260002487,44627.5625,3023.8125
1110056,Mulgrave River at Deeral,2021-2022,15/3/2022 3:50,2.771808364,0.442763201,44635.15972,3031.409722
1110056,Mulgrave River at Deeral,2021-2022,15/3/2022 15:30,1.858992224,0.269277573,44635.64583,3031.895833
1110056,Mulgrave River at Deeral,2021-2022,16/3/2022 3:10,1.858992018,0.269277525,44636.13194,3032.381944
1110056,Mulgrave River at Deeral,2021-2022,17/3/2022 2:30,0.528312759,-0.277108901,44637.10417,3033.354167
1110056,Mulgrave River at Deeral,2021-2022,18/3/2022 1:50,0.117660477,-0.929369394,44638.07639,3034.326389
1110056,Mulgrave River at Deeral,2021-2022,18/3/2022 13:30,0.054953773,-1.260002487,44638.5625,3034.8125
1110056,Mulgrave River at Deeral,2021-2022,19/3/2022 1:10,0.054953773,-1.260002487,44639.04861,3035.298611
1110056,Mulgrave River at Deeral,2021-2022,20/3/2022 0:30,0.117660477,-0.929369394,44640.02083,3036.270833
1110056,Mulgrave River at Deeral,2021-2022,21/3/2022 13:32,0.054953773,-1.260002487,44641.56389,3037.813889
1110056,Mulgrave River at Deeral,2021-2022,4/4/2022 13:14,0.054953773,-1.260002487,44655.55139,3051.801389
1110056,Mulgrave River at Deeral,2021-2022,18/4/2022 14:18,0.054953773,-1.260002487,44669.59583,3065.845833
1110056,Mulgrave River at Deeral,2021-2022,22/4/2022 13:55,1.18614354,0.074137248,44673.57986,3069.829861
1110056,Mulgrave River at Deeral,2021-2022,23/4/2022 1:35,1.437779579,0.157692311,44674.06597,3070.315972
1110056,Mulgrave River at Deeral,2021-2022,23/4/2022 13:15,1.144366067,0.058564972,44674.55208,3070.802083
1110056,Mulgrave River at Deeral,2021-2022,24/4/2022 0:55,0.054953773,-1.260002487,44675.03819,3071.288194
1110056,Mulgrave River at Deeral,2021-2022,25/4/2022 0:15,0.216582875,-0.664375886,44676.01042,3072.260417
1110056,Mulgrave River at Deeral,2021-2022,25/4/2022 23:35,0.054953773,-1.260002487,44676.98264,3073.232639
1110056,Mulgrave River at Deeral,2021-2022,26/4/2022 11:15,0.054953773,-1.260002487,44677.46875,3073.71875
1110056,Mulgrave River at Deeral,2021-2022,27/4/2022 22:15,0.054953773,-1.260002487,44678.92708,3075.177083
1110056,Mulgrave River at Deeral,2021-2022,9/5/2022 17:10,2.045205855,0.310737027,44690.71528,3086.965278
1110056,Mulgrave River at Deeral,2021-2022,10/5/2022 16:30,1.358863868,0.133175951,44691.6875,3087.9375
1110056,Mulgrave River at Deeral,2021-2022,11/5/2022 4:41,0.054953773,-1.260002487,44692.19514,3088.445139
1110056,Mulgrave River at Deeral,2021-2022,12/5/2022 3:30,1.102830597,0.042508807,44693.14583,3089.395833
1110056,Mulgrave River at Deeral,2021-2022,12/5/2022 15:10,1.358864332,0.133176099,44693.63194,3089.881944
1110056,Mulgrave River at Deeral,2021-2022,3/6/2022 13:53,0.054953773,-1.260002487,44715.57847,3111.828472
1110056,Mulgrave River at Deeral,2022-2023,1/7/2022 10:01,0.002323038,-2.633943702,44743.41736,3139.667361
1110056,Mulgrave River at Deeral,2022-2023,2/7/2022 9:21,0.002323038,-2.633943702,44744.38958,3140.639583
1110056,Mulgrave River at Deeral,2022-2023,3/7/2022 8:41,0.002323038,-2.633943702,44745.36181,3141.611806
1110056,Mulgrave River at Deeral,2022-2023,4/7/2022 8:01,0.002323038,-2.633943702,44746.33403,3142.584028
1110056,Mulgrave River at Deeral,2022-2023,5/7/2022 7:28,0.002323038,-2.633943702,44747.31111,3143.561111
1110056,Mulgrave River at Deeral,2022-2023,6/7/2022 6:41,0.002323038,-2.633943702,44748.27847,3144.528472
1110056,Mulgrave River at Deeral,2022-2023,22/7/2022 9:02,0.002323038,-2.633943702,44764.37639,3160.626389
1110056,Mulgrave River at Deeral,2022-2023,5/8/2022 7:01,0.002323038,-2.633943702,44778.29236,3174.542361
1110056,Mulgrave River at Deeral,2022-2023,28/8/2022 13:27,6.371351488,0.804231564,44801.56042,3197.810417
1110056,Mulgrave River at Deeral,2022-2023,29/8/2022 13:25,2.059190204,0.313696464,44802.55903,3198.809028
1110056,Mulgrave River at Deeral,2022-2023,30/8/2022 13:23,1.5163616,0.180802778,44803.55764,3199.807639
1110056,Mulgrave River at Deeral,2022-2023,31/8/2022 13:22,1.876201093,0.273279385,44804.55694,3200.806944
1110056,Mulgrave River at Deeral,2022-2023,1/9/2022 16:15,0.01472205,-1.832031724,44805.67708,3201.927083
1110056,Mulgrave River at Deeral,2022-2023,3/10/2022 8:33,0.01472205,-1.832031724,44837.35625,3233.60625
1110056,Mulgrave River at Deeral,2022-2023,3/11/2022 8:50,0.01472205,-1.832031724,44868.36806,3264.618056
1110056,Mulgrave River at Deeral,2022-2023,13/11/2022 16:09,0.01472205,-1.832031724,44878.67292,3274.922917
1110056,Mulgrave River at Deeral,2022-2023,28/11/2022 17:16,0.01472205,-1.832031724,44893.71944,3289.969444
1110056,Mulgrave River at Deeral,2022-2023,12/12/2022 18:33,0.01472205,-1.832031724,44907.77292,3304.022917
1110056,Mulgrave River at Deeral,2022-2023,27/12/2022 16:58,5.798170963,0.763291017,44922.70694,3318.956944
1110056,Mulgrave River at Deeral,2022-2023,28/12/2022 7:29,4.428112268,0.646218623,44923.31181,3319.561806
1110056,Mulgrave River at Deeral,2022-2023,29/12/2022 5:25,1.811590791,0.258060104,44924.22569,3320.475694
1110056,Mulgrave River at Deeral,2022-2023,5/1/2023 11:17,5.616850855,0.749492892,44931.47014,3327.720139
1110056,Mulgrave River at Deeral,2022-2023,6/1/2023 7:54,0.315761116,-0.500641351,44932.32917,3328.579167
1110056,Mulgrave River at Deeral,2022-2023,7/1/2023 9:58,1.933478644,0.286339379,44933.41528,3329.665278
1110056,Mulgrave River at Deeral,2022-2023,9/1/2023 16:19,0.01472205,-1.832031724,44935.67986,3331.929861
1110056,Mulgrave River at Deeral,2022-2023,14/1/2023 21:23,2.616403796,0.417704771,44940.89097,3337.140972
1110056,Mulgrave River at Deeral,2022-2023,19/1/2023 8:40,0.396505451,-0.401750838,44945.36111,3341.611111
1110056,Mulgrave River at Deeral,2022-2023,20/1/2023 1:07,0.01472205,-1.832031724,44946.04653,3342.296528
1110056,Mulgrave River at Deeral,2022-2023,21/1/2023 4:32,0.01472205,-1.832031724,44947.18889,3343.438889
1110056,Mulgrave River at Deeral,2022-2023,22/1/2023 14:11,0.01472205,-1.832031724,44948.59097,3344.840972
1110056,Mulgrave River at Deeral,2022-2023,30/1/2023 11:17,6.587161964,0.818698342,44956.47014,3352.720139
1110056,Mulgrave River at Deeral,2022-2023,31/1/2023 3:44,2.340934302,0.369389225,44957.15556,3353.405556
1110056,Mulgrave River at Deeral,2022-2023,31/1/2023 14:42,1.763473545,0.246368949,44957.6125,3353.8625
1110056,Mulgrave River at Deeral,2022-2023,1/2/2023 1:40,0.077453996,-1.11095617,44958.06944,3354.319444
1110056,Mulgrave River at Deeral,2022-2023,6/2/2023 13:57,1.104572874,0.043194374,44963.58125,3359.83125
1110056,Mulgrave River at Deeral,2022-2023,16/2/2023 22:41,8.351885199,0.921784516,44973.94514,3370.195139
1110056,Mulgrave River at Deeral,2022-2023,17/2/2023 10:40,0.669303551,-0.174376871,44974.44444,3370.694444
1110056,Mulgrave River at Deeral,2022-2023,18/2/2023 10:38,0.657531598,-0.182083372,44975.44306,3371.693056
1110056,Mulgrave River at Deeral,2022-2023,19/2/2023 10:36,0.161867136,-0.790841319,44976.44167,3372.691667
1110056,Mulgrave River at Deeral,2022-2023,20/2/2023 15:56,0.01472205,-1.832031724,44977.66389,3373.913889
1110056,Mulgrave River at Deeral,2022-2023,5/3/2023 13:04,1.819324982,0.259910283,44990.54444,3386.794444
1110056,Mulgrave River at Deeral,2022-2023,6/3/2023 14:29,0.01472205,-1.832031724,44991.60347,3387.853472
1110056,Mulgrave River at Deeral,2022-2023,7/3/2023 14:27,0.768009847,-0.114633212,44992.60208,3388.852083
1110056,Mulgrave River at Deeral,2022-2023,8/3/2023 14:26,0.396505451,-0.401750838,44993.60139,3389.851389
1110056,Mulgrave River at Deeral,2022-2023,9/3/2023 15:40,0.077453996,-1.11095617,44994.65278,3390.902778
1110056,Mulgrave River at Deeral,2022-2023,10/3/2023 15:33,0.01472205,-1.832031724,44995.64792,3391.897917
1110056,Mulgrave River at Deeral,2022-2023,17/3/2023 12:31,0.01472205,-1.832031724,45002.52153,3398.771528
1110056,Mulgrave River at Deeral,2022-2023,20/3/2023 13:10,3.575759755,0.553368332,45005.54861,3401.798611
1110056,Mulgrave River at Deeral,2022-2023,3/4/2023 12:08,0.01472205,-1.832031724,45019.50556,3415.755556
1110056,Mulgrave River at Deeral,2022-2023,24/4/2023 9:11,1.259689876,0.100263639,45040.38264,3436.632639
1110056,Mulgrave River at Deeral,2022-2023,25/4/2023 1:36,0.315761116,-0.500641351,45041.06667,3437.316667
1110056,Mulgrave River at Deeral,2022-2023,26/4/2023 17:52,0.01472205,-1.832031724,45042.74444,3438.994444
1110056,Mulgrave River at Deeral,2022-2023,27/4/2023 5:51,0.01472205,-1.832031724,45043.24375,3439.49375
1110056,Mulgrave River at Deeral,2022-2023,28/4/2023 9:35,0.01472205,-1.832031724,45044.39931,3440.649306
1110056,Mulgrave River at Deeral,2022-2023,2/6/2023 9:27,0.01472205,-1.832031724,45079.39375,3475.64375