Site.Code,Site.Name,Date.Time,X2.4.D,Ametryn,Atrazine,Chlorpyrifos,Diuron,Fipronil,Fluroxypyr,Haloxyfop..acid.,Hexazinone,Imazapic,Imidacloprid,Isoxaflutole.metabolite..DKN.,MCPA..Monochlorophenoxyacetic.acid.,Metolachlor,Metribuzin,Metsulfuron.methyl,Pendimethalin,Prometryn,Simazine,Tebuthiuron,Terbuthylazine,Triclopyr
1240062,O'Connell River at Caravan Park,9/8/2013 9:00,<0.01,<0.01,<0.01,,<0.01,,,<0.01,<0.01,,<0.01,<0.01,<0.01,<0.01,<0.01,<0.01,,<0.01,<0.01,<0.01,<0.01,<0.01
1240062,O'Connell River at Caravan Park,8/1/2014 14:50,0.01,<0.01,0.05,,0.03,,<0.03,<0.01,0.07,,<0.01,<0.01,<0.01,<0.01,<0.01,<0.01,,<0.01,<0.01,<0.01,<0.01,<0.02
1240062,O'Connell River at Caravan Park,10/1/2014 16:30,0.23,0.01,0.18,,0.36,,<0.03,<0.01,0.2,,0.05,0.01,0.05,<0.01,0.06,<0.01,,<0.01,<0.01,0.23,<0.01,<0.02
1240062,O'Connell River at Caravan Park,30/1/2014 12:30,0.46,<0.01,0.17,,0.45,,,<0.01,0.16,,0.06,0.09,<0.01,<0.01,0.47,<0.01,,<0.01,<0.01,<0.01,<0.01,<0.02
1240062,O'Connell River at Caravan Park,30/1/2014 19:00,0.18,<0.01,0.1,,0.31,,,<0.01,0.12,,0.06,0.11,<0.01,<0.01,0.64,<0.01,,<0.01,<0.01,0.01,<0.01,<0.02
1240062,O'Connell River at Caravan Park,30/1/2014 22:00,0.13,<0.01,0.06,,0.39,,,<0.01,0.18,,0.18,0.13,<0.01,<0.01,0.54,<0.01,,<0.01,<0.01,0.06,<0.01,<0.02
1240062,O'Connell River at Caravan Park,31/1/2014 2:00,0.13,<0.01,0.05,,0.32,,,<0.01,0.12,,0.16,0.07,<0.01,<0.01,0.34,<0.01,,<0.01,<0.01,0.07,<0.01,<0.02
1240062,O'Connell River at Caravan Park,31/1/2014 7:00,0.08,<0.01,0.05,,0.32,,,<0.01,0.14,,0.15,0.04,<0.01,<0.01,0.26,<0.01,,<0.01,<0.01,0.12,<0.01,0.04
1240062,O'Connell River at Caravan Park,31/1/2014 13:00,0.04,<0.01,0.02,,0.2,,,<0.01,0.09,,0.1,0.03,<0.01,<0.01,0.15,<0.01,,<0.01,<0.01,0.04,<0.01,<0.02
1240062,O'Connell River at Caravan Park,31/1/2014 17:00,0.03,<0.01,0.01,,0.12,,,<0.01,0.05,,0.05,0.02,<0.01,<0.01,0.11,<0.01,,<0.01,<0.01,0.02,<0.01,<0.02
1240062,O'Connell River at Caravan Park,31/1/2014 21:00,0.03,<0.01,0.02,,0.13,,,<0.01,0.07,,0.06,0.02,<0.01,<0.01,0.12,<0.01,,<0.01,<0.01,0.04,<0.01,<0.02
1240062,O'Connell River at Caravan Park,1/2/2014 8:00,0.02,<0.01,0.03,,0.17,,,<0.01,0.07,,0.06,0.02,<0.01,<0.01,0.13,<0.01,,<0.01,<0.01,0.05,<0.01,<0.02
1240062,O'Connell River at Caravan Park,9/2/2014 22:21,0.02,<0.01,0.02,,0.09,,,<0.01,0.03,,0.05,0.01,<0.01,<0.01,0.03,<0.01,,<0.01,<0.01,<0.01,<0.01,<0.02
1240062,O'Connell River at Caravan Park,10/2/2014 12:30,0.03,<0.01,0.02,,0.1,,,<0.01,0.04,,0.07,<0.01,<0.01,<0.01,0.03,<0.01,,<0.01,<0.01,0.04,<0.01,<0.02
1240062,O'Connell River at Caravan Park,19/2/2014 9:45,0.04,<0.01,<0.01,,0.02,,<0.03,<0.01,0.02,,0.03,<0.01,<0.01,<0.01,0.01,<0.01,,<0.01,<0.01,0.03,<0.01,<0.02
1240062,O'Connell River at Caravan Park,19/2/2014 10:01,0.05,<0.01,<0.01,,0.03,,<0.03,<0.01,0.02,,0.04,<0.01,<0.01,<0.01,<0.01,<0.01,,<0.01,<0.01,0.05,<0.01,<0.02
1240062,O'Connell River at Caravan Park,19/2/2014 11:01,0.11,<0.01,<0.01,,0.05,,<0.03,<0.01,0.03,,0.07,<0.01,<0.01,<0.01,<0.01,<0.01,,<0.01,<0.01,0.03,<0.01,<0.02
1240062,O'Connell River at Caravan Park,19/2/2014 15:21,0.19,<0.01,0.01,,0.05,,<0.03,<0.01,0.03,,0.09,<0.01,0.01,<0.01,<0.01,<0.01,,<0.01,<0.01,0.03,<0.01,<0.02
1240062,O'Connell River at Caravan Park,19/2/2014 17:31,0.23,<0.01,0.02,,0.05,,<0.03,<0.01,0.03,,0.07,<0.01,0.01,<0.01,<0.01,<0.01,,<0.01,<0.01,0.04,<0.01,<0.02
1240062,O'Connell River at Caravan Park,19/2/2014 20:31,0.15,<0.01,0.02,,0.04,,<0.03,<0.01,0.03,,0.06,<0.01,<0.01,<0.01,<0.01,<0.01,,<0.01,<0.01,0.04,<0.01,<0.02
1240062,O'Connell River at Caravan Park,20/2/2014 9:31,0.06,<0.01,0.02,,0.02,,<0.03,<0.01,0.01,,0.04,<0.01,<0.01,<0.01,0.01,<0.01,,<0.01,<0.01,0.02,<0.01,<0.02
1240062,O'Connell River at Caravan Park,27/3/2014 20:31,0.07,<0.01,<0.01,,0.06,,0.04,<0.01,0.03,,0.06,<0.01,<0.01,<0.01,<0.01,<0.01,,<0.01,<0.01,0.01,<0.01,<0.02
1240062,O'Connell River at Caravan Park,27/3/2014 20:53,0.07,<0.01,<0.01,,0.06,,0.03,<0.01,0.03,,0.05,<0.01,<0.01,<0.01,<0.01,<0.01,,<0.01,<0.01,0.01,<0.01,<0.02
1240062,O'Connell River at Caravan Park,28/3/2014 2:31,0.05,<0.01,<0.01,,0.04,,<0.03,<0.01,0.02,,0.03,<0.01,<0.01,<0.01,<0.01,<0.01,,<0.01,<0.01,0.01,<0.01,<0.02
1240062,O'Connell River at Caravan Park,13/4/2014 17:31,0.03,<0.01,<0.01,,0.01,,0.09,<0.01,0.02,,0.01,<0.01,<0.01,<0.01,<0.01,<0.01,,<0.01,<0.01,<0.01,<0.01,<0.02
1240062,O'Connell River at Caravan Park,13/4/2014 18:01,0.06,<0.01,<0.01,,0.02,,0.13,<0.01,0.02,,0.02,<0.01,<0.01,<0.01,<0.01,<0.01,,<0.01,<0.01,<0.01,<0.01,<0.02
1240062,O'Connell River at Caravan Park,13/4/2014 18:31,0.07,<0.01,<0.01,,0.03,,0.11,<0.01,0.03,,0.02,<0.01,<0.01,<0.01,<0.01,<0.01,,<0.01,<0.01,<0.01,<0.01,<0.02
1240062,O'Connell River at Caravan Park,13/4/2014 19:01,0.07,<0.01,<0.01,,0.03,,0.11,<0.01,0.03,,0.03,<0.01,<0.01,<0.01,<0.01,<0.01,,<0.01,<0.01,0.01,<0.01,<0.02
1240062,O'Connell River at Caravan Park,13/4/2014 19:31,0.08,<0.01,<0.01,,0.03,,0.1,<0.01,0.03,,0.03,<0.01,<0.01,<0.01,<0.01,<0.01,,<0.01,<0.01,0.02,<0.01,<0.02
1240062,O'Connell River at Caravan Park,13/4/2014 20:01,0.08,<0.01,<0.01,,0.04,,0.11,<0.01,0.03,,0.04,<0.01,<0.01,<0.01,<0.01,<0.01,,<0.01,<0.01,0.09,<0.01,<0.02
1240062,O'Connell River at Caravan Park,13/4/2014 21:01,0.08,<0.01,<0.01,,0.04,,0.1,<0.01,0.03,,0.04,<0.01,<0.01,<0.01,<0.01,<0.01,,<0.01,<0.01,0.12,<0.01,<0.02
1240062,O'Connell River at Caravan Park,13/4/2014 23:01,0.07,<0.01,<0.01,,0.04,,0.08,<0.01,0.02,,0.04,<0.01,<0.01,<0.01,<0.01,<0.01,,<0.01,<0.01,0.09,<0.01,<0.02
1240062,O'Connell River at Caravan Park,14/4/2014 0:31,0.08,<0.01,<0.01,,0.04,,0.07,<0.01,0.03,,0.05,<0.01,<0.01,<0.01,<0.01,<0.01,,<0.01,<0.01,0.08,<0.01,<0.02
1240062,O'Connell River at Caravan Park,14/4/2014 1:59,0.08,<0.01,<0.01,,0.02,,0.12,<0.01,0.02,,0.01,<0.01,<0.01,<0.01,<0.01,<0.01,,<0.01,<0.01,<0.01,<0.01,<0.02
1240062,O'Connell River at Caravan Park,14/4/2014 3:29,0.09,<0.01,<0.01,,0.03,,0.11,<0.01,0.03,,0.03,<0.01,<0.01,<0.01,<0.01,<0.01,,<0.01,<0.01,0.02,<0.01,<0.02
1240062,O'Connell River at Caravan Park,14/4/2014 4:59,0.09,<0.01,<0.01,,0.04,,0.08,<0.01,0.02,,0.04,<0.01,<0.01,<0.01,<0.01,<0.01,,<0.01,<0.01,0.09,<0.01,<0.02
1240062,O'Connell River at Caravan Park,14/4/2014 6:59,0.08,<0.01,<0.01,,0.04,,0.07,<0.01,0.03,,0.05,<0.01,<0.01,<0.01,<0.01,<0.01,,<0.01,<0.01,0.08,<0.01,<0.02
1240062,O'Connell River at Caravan Park,14/4/2014 15:17,0.02,<0.01,0.01,,0.03,,<0.03,<0.01,0.02,,0.04,<0.01,<0.01,<0.01,<0.01,<0.01,,<0.01,<0.01,0.07,<0.01,<0.02
1240062,O'Connell River at Caravan Park,14/5/2014 14:50,0.15,<0.01,<0.01,,<0.01,,<0.03,<0.01,<0.01,,<0.01,<0.01,<0.01,<0.01,<0.01,<0.01,,<0.01,<0.01,<0.01,<0.01,<0.02
1240062,O'Connell River at Caravan Park,17/6/2014 15:10,0.05,<0.01,<0.01,,<0.01,,<0.03,<0.01,<0.01,,<0.01,<0.01,<0.01,<0.01,<0.01,<0.01,,<0.01,<0.01,<0.01,<0.01,<0.02
1240062,O'Connell River at Caravan Park,28/7/2014 17:15,<0.01,<0.01,<0.01,,<0.01,,<0.03,<0.01,<0.01,,<0.01,<0.01,<0.01,<0.01,<0.01,<0.01,,<0.01,<0.01,<0.01,<0.01,<0.02
1240062,O'Connell River at Caravan Park,21/8/2014 16:24,<0.01,<0.01,<0.01,,<0.01,,<0.03,<0.01,<0.01,,<0.01,<0.01,<0.01,<0.01,<0.01,<0.01,,<0.01,<0.01,<0.01,<0.01,<0.02
1240062,O'Connell River at Caravan Park,30/9/2014 8:40,<0.01,<0.01,0.02,,<0.01,,<0.03,<0.01,<0.01,,<0.01,<0.01,<0.01,<0.01,<0.01,<0.01,,<0.01,<0.01,<0.01,<0.01,<0.02
1240062,O'Connell River at Caravan Park,28/10/2014 17:00,<0.01,<0.01,<0.01,,0.01,,<0.03,<0.01,0.01,,<0.01,<0.01,<0.01,<0.01,<0.01,<0.01,,<0.01,<0.01,<0.01,<0.01,<0.02
1240062,O'Connell River at Caravan Park,25/11/2014 8:10,<0.01,<0.01,<0.01,,<0.01,,<0.03,<0.01,0.01,,<0.01,<0.01,<0.01,<0.01,<0.01,<0.01,,<0.01,<0.01,<0.01,<0.01,<0.02
1240062,O'Connell River at Caravan Park,16/12/2014 9:15,0.55,<0.01,0.61,,1.5,,<0.03,<0.01,0.52,,0.04,0.02,<0.01,0.01,0.08,<0.01,,<0.01,<0.01,<0.01,<0.01,<0.02
1240062,O'Connell River at Caravan Park,22/1/2015 15:16,0.01,<0.01,0.04,,0.06,,<0.01,<0.01,0.05,,0.02,<0.01,<0.01,<0.01,<0.01,<0.01,,<0.01,<0.01,0.12,<0.01,<0.01
1240062,O'Connell River at Caravan Park,22/1/2015 17:39,0.05,<0.01,0.07,,0.17,,<0.01,<0.01,0.22,,0.06,<0.01,<0.01,<0.01,0.02,<0.01,,<0.01,<0.01,0.1,<0.01,<0.01
1240062,O'Connell River at Caravan Park,22/1/2015 18:12,0.19,<0.01,0.22,,0.33,,<0.01,<0.01,0.41,,0.1,0.01,<0.01,<0.01,0.06,<0.01,,<0.01,<0.01,0.07,<0.01,<0.01
1240062,O'Connell River at Caravan Park,22/1/2015 20:14,0.24,<0.01,0.21,,0.28,,<0.01,<0.01,0.34,,0.11,0.02,<0.01,<0.01,0.1,<0.01,,<0.01,<0.01,0.06,<0.01,<0.01
1240062,O'Connell River at Caravan Park,23/1/2015 0:22,0.53,<0.01,0.25,,0.44,,0.02,<0.01,0.15,,0.2,0.06,<0.01,<0.01,0.37,<0.01,,<0.01,<0.01,0.04,<0.01,<0.01
1240062,O'Connell River at Caravan Park,23/1/2015 4:32,0.32,<0.01,0.24,,0.37,,0.02,<0.01,0.12,,0.18,0.04,<0.01,<0.01,0.26,<0.01,,<0.01,<0.01,0.04,<0.01,<0.01
1240062,O'Connell River at Caravan Park,24/1/2015 18:40,0.18,<0.01,0.22,,0.65,,<0.01,<0.01,0.23,,0.25,0.05,<0.01,<0.01,0.23,<0.01,,<0.01,<0.01,0.03,<0.01,<0.01
1240062,O'Connell River at Caravan Park,24/1/2015 21:11,0.15,<0.01,0.1,,0.34,,<0.01,<0.01,0.16,,0.24,0.06,<0.01,<0.01,0.32,<0.01,,<0.01,<0.01,0.05,<0.01,<0.01
1240062,O'Connell River at Caravan Park,17/2/2015 16:25,0.07,<0.01,0.02,,0.05,,0.03,<0.01,0.04,0.04,0.06,0.01,<0.01,<0.01,0.01,<0.01,,<0.01,<0.01,0.02,<0.01,<0.01
1240062,O'Connell River at Caravan Park,24/3/2015 16:00,<0.01,<0.01,0.01,,0.02,,<0.01,<0.01,0.03,<0.01,<0.01,<0.01,<0.01,<0.01,<0.01,<0.01,,<0.01,<0.01,<0.01,<0.01,<0.01
1240062,O'Connell River at Caravan Park,21/4/2015 16:55,<0.01,<0.01,<0.01,,0.01,,<0.01,<0.01,0.02,<0.01,<0.01,<0.01,<0.01,<0.01,<0.01,<0.01,,<0.01,<0.01,<0.01,<0.01,<0.01
1240062,O'Connell River at Caravan Park,15/5/2015 12:30,<0.01,<0.01,<0.01,,<0.01,,<0.01,<0.01,0.01,<0.01,<0.01,<0.01,<0.01,<0.01,<0.01,<0.01,,<0.01,<0.01,<0.01,<0.01,<0.01
1240062,O'Connell River at Caravan Park,16/6/2015 13:20,<0.01,<0.01,<0.01,,<0.01,,<0.01,<0.01,0.01,<0.01,0.02,<0.01,<0.01,<0.01,<0.01,<0.01,,<0.01,<0.01,<0.01,<0.01,<0.01
1240062,O'Connell River at Caravan Park,11/8/2015 14:10,<0.01,<0.01,<0.01,,<0.01,,<0.01,<0.01,<0.01,<0.01,<0.01,<0.01,<0.01,<0.01,<0.01,<0.01,,<0.01,<0.01,<0.01,<0.01,<0.01
1240062,O'Connell River at Caravan Park,14/9/2015 16:50,<0.01,<0.01,<0.01,,<0.01,,<0.01,<0.01,<0.01,<0.01,<0.01,<0.01,<0.01,<0.01,<0.01,<0.01,,<0.01,<0.01,<0.01,<0.01,<0.01
1240062,O'Connell River at Caravan Park,13/10/2015 12:55,<0.01,<0.01,<0.01,,<0.01,,<0.01,<0.01,<0.01,<0.01,<0.01,<0.01,<0.01,<0.01,<0.01,<0.01,,<0.01,<0.01,<0.01,<0.01,<0.01
1240062,O'Connell River at Caravan Park,23/11/2015 10:12,<0.01,<0.01,<0.01,,<0.01,,<0.01,<0.01,0.01,<0.01,<0.01,<0.01,<0.01,<0.01,<0.01,<0.01,,<0.01,<0.01,<0.01,<0.01,<0.01
1240062,O'Connell River at Caravan Park,16/12/2015 8:00,<0.01,<0.01,<0.01,,0.01,,<0.01,<0.01,0.01,<0.01,<0.01,<0.01,<0.01,<0.01,<0.01,<0.01,,<0.01,<0.01,<0.01,<0.01,<0.01
1240062,O'Connell River at Caravan Park,6/2/2016 8:34,0.36,<0.01,0.07,,0.13,,<0.01,<0.01,0.07,<0.01,0.06,<0.01,0.01,<0.01,<0.01,<0.01,,<0.01,<0.01,<0.01,<0.01,0.01
1240062,O'Connell River at Caravan Park,6/2/2016 11:01,0.35,<0.01,0.07,,0.14,,<0.01,<0.01,0.08,<0.01,0.07,<0.01,0.01,<0.01,<0.01,<0.01,,<0.01,<0.01,<0.01,<0.01,<0.01
1240062,O'Connell River at Caravan Park,6/2/2016 14:11,0.34,<0.01,0.08,,0.14,,<0.01,<0.01,0.09,0.01,0.07,<0.01,<0.01,<0.01,<0.01,<0.01,,<0.01,<0.01,<0.01,<0.01,<0.01
1240062,O'Connell River at Caravan Park,12/2/2016 14:30,0.01,<0.01,0.16,,0.03,,<0.01,<0.01,0.04,<0.01,0.01,<0.01,<0.01,<0.01,<0.01,<0.01,,<0.01,<0.01,<0.01,<0.01,<0.01
1240062,O'Connell River at Caravan Park,26/2/2016 13:45,0.02,<0.01,0.23,,0.01,,<0.01,<0.01,0.03,<0.01,<0.01,<0.01,<0.01,<0.01,<0.01,<0.01,,<0.01,<0.01,0.01,<0.01,<0.01
1240062,O'Connell River at Caravan Park,4/3/2016 5:53,0.34,<0.01,0.23,,0.08,,0.03,<0.01,0.05,0.03,0.04,<0.01,<0.01,<0.01,0.02,<0.01,,<0.01,<0.01,<0.01,<0.01,0.02
1240062,O'Connell River at Caravan Park,4/3/2016 11:31,0.31,<0.01,0.7,,0.16,,0.07,<0.01,0.1,0.04,0.24,<0.01,0.02,<0.01,0.03,<0.01,,<0.01,<0.01,0.06,<0.01,<0.01
1240062,O'Connell River at Caravan Park,4/3/2016 16:51,0.22,<0.01,0.27,,0.14,,0.05,<0.01,0.07,0.03,0.19,<0.01,0.01,<0.01,0.01,<0.01,,<0.01,<0.01,0.04,<0.01,<0.01
1240062,O'Connell River at Caravan Park,4/3/2016 18:51,0.19,<0.01,0.33,,0.11,,0.05,<0.01,0.07,0.04,0.23,<0.01,0.01,<0.01,0.01,<0.01,,<0.01,<0.01,0.04,<0.01,<0.01
1240062,O'Connell River at Caravan Park,5/3/2016 1:01,0.1,<0.01,0.18,,0.08,,0.04,<0.01,0.05,0.02,0.18,<0.01,<0.01,<0.01,<0.01,<0.01,,<0.01,<0.01,0.02,<0.01,<0.01
1240062,O'Connell River at Caravan Park,5/3/2016 3:11,0.09,<0.01,0.15,,0.07,,0.03,<0.01,0.04,0.02,0.15,<0.01,<0.01,<0.01,<0.01,<0.01,,<0.01,<0.01,0.01,<0.01,<0.01
1240062,O'Connell River at Caravan Park,5/3/2016 9:21,0.07,<0.01,0.25,,0.07,,0.03,<0.01,0.05,0.03,0.2,<0.01,<0.01,<0.01,0.01,<0.01,,<0.01,<0.01,0.02,<0.01,<0.01
1240062,O'Connell River at Caravan Park,5/3/2016 15:21,0.08,<0.01,0.35,,0.07,,0.03,<0.01,0.06,0.03,0.31,<0.01,<0.01,<0.01,0.01,<0.01,,<0.01,<0.01,0.02,<0.01,<0.01
1240062,O'Connell River at Caravan Park,5/3/2016 18:51,0.06,<0.01,0.22,,0.05,,0.03,<0.01,0.04,0.02,0.24,<0.01,<0.01,<0.01,0.01,<0.01,,<0.01,<0.01,0.02,<0.01,<0.01
1240062,O'Connell River at Caravan Park,5/3/2016 22:21,0.06,<0.01,0.16,,0.06,,0.03,<0.01,0.05,0.02,0.22,<0.01,<0.01,<0.01,<0.01,<0.01,,<0.01,<0.01,0.02,<0.01,<0.01
1240062,O'Connell River at Caravan Park,6/3/2016 4:31,0.05,<0.01,0.17,,0.06,,0.03,<0.01,0.05,0.02,0.2,<0.01,<0.01,<0.01,<0.01,<0.01,,<0.01,<0.01,0.02,<0.01,<0.01
1240062,O'Connell River at Caravan Park,6/3/2016 10:41,0.04,<0.01,0.19,,0.05,,0.03,<0.01,0.05,0.02,0.21,<0.01,<0.01,<0.01,<0.01,<0.01,,<0.01,<0.01,0.02,<0.01,<0.01
1240062,O'Connell River at Caravan Park,6/3/2016 13:21,0.05,<0.01,0.18,,0.05,,0.03,<0.01,0.05,0.03,0.23,<0.01,<0.01,<0.01,<0.01,<0.01,,<0.01,<0.01,0.03,<0.01,<0.01
1240062,O'Connell River at Caravan Park,6/3/2016 19:31,0.05,<0.01,0.16,,0.04,,0.03,<0.01,0.04,0.02,0.22,<0.01,<0.01,<0.01,<0.01,<0.01,,<0.01,<0.01,0.02,<0.01,<0.01
1240062,O'Connell River at Caravan Park,7/3/2016 0:31,0.05,<0.01,0.11,,0.05,,0.03,<0.01,0.05,0.02,0.2,<0.01,<0.01,<0.01,<0.01,<0.01,,<0.01,<0.01,0.02,<0.01,<0.01
1240062,O'Connell River at Caravan Park,7/3/2016 6:41,0.03,<0.01,0.05,,0.03,,0.01,<0.01,0.03,<0.01,0.1,<0.01,<0.01,<0.01,<0.01,<0.01,,<0.01,<0.01,<0.01,<0.01,<0.01
1240062,O'Connell River at Caravan Park,7/3/2016 16:11,0.02,<0.01,0.06,,0.02,,0.01,<0.01,0.03,0.01,0.1,<0.01,<0.01,<0.01,<0.01,<0.01,,<0.01,<0.01,0.01,<0.01,<0.01
1240062,O'Connell River at Caravan Park,7/3/2016 22:21,0.02,<0.01,0.06,,0.02,,0.01,<0.01,0.03,0.01,0.09,<0.01,<0.01,<0.01,<0.01,<0.01,,<0.01,<0.01,0.02,<0.01,<0.01
1240062,O'Connell River at Caravan Park,8/3/2016 10:41,0.02,<0.01,0.09,,0.03,,0.02,<0.01,0.03,0.01,0.12,<0.01,<0.01,<0.01,<0.01,<0.01,,<0.01,<0.01,0.02,<0.01,<0.01
1240062,O'Connell River at Caravan Park,8/3/2016 13:31,0.02,<0.01,0.08,,0.03,,0.02,<0.01,0.04,0.02,0.16,<0.01,<0.01,<0.01,<0.01,<0.01,,<0.01,<0.01,0.03,<0.01,<0.01
1240062,O'Connell River at Caravan Park,11/3/2016 12:00,0.03,<0.01,0.1,,0.04,,0.03,<0.01,0.03,0.02,0.15,<0.01,<0.01,<0.01,<0.01,<0.01,,<0.01,<0.01,0.03,<0.01,<0.01
1240062,O'Connell River at Caravan Park,18/4/2016 10:00,0.06,<0.01,0.06,,0.01,,0.03,<0.01,0.02,0.02,0.06,<0.01,<0.01,<0.01,<0.01,<0.01,,<0.01,<0.01,<0.01,<0.01,<0.01
1240062,O'Connell River at Caravan Park,6/6/2016 10:00,<0.005,0.001,0.011,,0.003,,<0.001,<0.001,0.01,0.002,0.001,<0.001,<0.001,0.003,<0.001,<0.001,,<0.001,<0.001,0.003,0.001,<0.002
1240062,O'Connell River at Caravan Park,19/6/2016 16:25,0.84,<0.001,1.2,,0.13,,0.051,0.003,0.053,0.026,0.14,0.001,0.048,0.78,<0.001,0.005,,<0.001,0.001,0.047,<0.001,0.026
1240062,O'Connell River at Caravan Park,19/6/2016 22:41,0.78,<0.001,0.88,,0.087,,0.079,0.004,0.028,0.038,0.12,<0.001,0.043,0.52,0.002,0.007,,<0.001,<0.001,0.023,<0.001,0.026
1240062,O'Connell River at Caravan Park,20/6/2016 4:51,0.75,<0.001,0.62,,0.098,,0.086,<0.001,0.027,0.035,0.088,<0.001,0.029,0.35,0.002,0.015,,<0.001,<0.001,0.025,<0.001,0.014
1240062,O'Connell River at Caravan Park,23/6/2016 15:25,0.09,<0.01,0.22,,0.03,,0.02,<0.01,0.01,0.01,0.05,<0.01,<0.01,0.15,<0.01,<0.01,,<0.01,<0.01,<0.01,<0.01,<0.01
1240062,O'Connell River at Caravan Park,13/7/2016 8:40,<0.06,<0.01,0.05,,<0.01,,<0.01,<0.01,<0.01,<0.01,<0.01,<0.01,<0.01,0.02,<0.01,<0.01,,<0.01,<0.01,<0.01,<0.01,<0.06
1240062,O'Connell River at Caravan Park,16/7/2016 8:09,0.84,<0.01,0.23,,0.3,,0.1,<0.01,0.39,0.17,0.28,<0.01,0.6,0.25,<0.01,<0.01,,<0.01,<0.01,0.02,<0.01,<0.06
1240062,O'Connell River at Caravan Park,16/7/2016 11:21,0.5,<0.01,0.14,,1.7,,0.05,<0.01,1.3,0.17,0.21,<0.01,0.17,0.14,<0.01,<0.01,,<0.01,<0.01,0.02,<0.01,<0.06
1240062,O'Connell River at Caravan Park,18/7/2016 10:40,0.14,<0.01,0.2,,1,,0.03,<0.01,0.77,0.05,0.14,<0.01,0.08,0.13,<0.01,0.01,,<0.01,<0.01,0.02,<0.01,<0.06
1240062,O'Connell River at Caravan Park,22/7/2016 14:25,0.02,<0.01,0.11,,0.51,,0.02,<0.01,0.49,0.02,0.06,<0.01,0.02,0.04,<0.01,<0.01,,<0.01,<0.01,<0.01,<0.01,<0.06
1240062,O'Connell River at Caravan Park,9/8/2016 16:00,0.003,<0.001,0.016,,0.045,,<0.001,<0.001,0.14,0.002,0.004,<0.001,<0.001,0.004,<0.001,0.003,,<0.001,<0.001,0.002,<0.001,<0.002
1240062,O'Connell River at Caravan Park,7/9/2016 15:00,0.013,<0.001,0.009,,0.011,,<0.001,<0.001,0.12,0.001,<0.001,<0.001,<0.001,0.001,<0.001,<0.001,,<0.001,<0.001,0.003,<0.001,<0.002
1240062,O'Connell River at Caravan Park,13/10/2016 13:00,0.075,<0.001,0.023,,0.096,,<0.001,<0.001,0.25,0.041,0.023,<0.001,0.03,0.003,<0.001,<0.001,,<0.001,<0.001,0.002,<0.001,0.003
1240062,O'Connell River at Caravan Park,4/11/2016 10:15,0.006,<0.001,0.17,,0.034,,<0.001,<0.001,0.15,0.004,0.002,0.003,0.005,<0.001,<0.001,<0.001,,<0.001,0.001,0.002,<0.001,<0.002
1240062,O'Connell River at Caravan Park,11/11/2016 11:50,0.002,0.001,0.14,,0.029,,<0.001,<0.001,0.14,0.001,0.002,0.003,0.002,<0.001,<0.001,<0.001,,<0.001,<0.001,0.001,<0.001,<0.002
1240062,O'Connell River at Caravan Park,18/11/2016 9:10,<0.001,<0.001,0.062,,0.012,,<0.001,<0.001,0.057,0.007,0.001,<0.001,<0.001,<0.001,<0.001,<0.001,,<0.001,<0.001,0.001,<0.001,<0.002
1240062,O'Connell River at Caravan Park,25/11/2016 9:10,0.004,<0.001,0.038,,0.01,,<0.001,<0.001,0.043,0.001,<0.001,<0.001,<0.001,<0.001,<0.001,<0.001,,<0.001,<0.001,<0.001,<0.001,<0.002
1240062,O'Connell River at Caravan Park,2/12/2016 15:30,0.0012,<0.001,0.026,<0.02,0.01,<0.001,<0.0001,<0.0005,0.041,<0.0005,<0.003,<0.0005,<0.001,<0.001,<0.0005,<0.0005,,<0.0005,<0.0005,0.0008,<0.0005,<0.001
1240062,O'Connell River at Caravan Park,9/12/2016 12:30,<0.001,0.001,0.025,<0.02,0.011,<0.001,<0.0001,<0.0005,0.047,<0.0005,<0.003,0.0006,<0.001,<0.001,<0.0005,<0.0005,,<0.0005,<0.0005,0.001,<0.0005,<0.001
1240062,O'Connell River at Caravan Park,16/12/2016 14:30,0.012,0.0004,0.29,<0.02,0.013,<0.0002,<0.0001,<0.0001,0.047,0.0044,0.0032,0.001,0.0012,<0.0002,0.0077,<0.0001,<0.02,<0.0001,0.0007,0.0004,<0.0001,<0.0002
1240062,O'Connell River at Caravan Park,17/12/2016 15:10,0.07,<0.01,0.99,<0.05,0.68,<0.02,0.15,<0.02,0.69,0.34,1,<0.02,0.22,0.05,0.22,<0.02,<0.02,<0.02,<0.01,<0.005,<0.01,<0.05
1240062,O'Connell River at Caravan Park,23/12/2016 13:00,0.059,0.0013,0.98,<0.02,0.51,<0.0002,<0.0001,0.0002,0.54,0.14,0.34,0.0085,0.073,0.02,0.044,0.0006,<0.02,<0.0001,0.0019,0.0009,<0.0001,0.0071
1240062,O'Connell River at Caravan Park,30/12/2016 13:50,0.0094,0.0014,0.46,<0.02,0.16,<0.0002,<0.0001,<0.0001,0.2,0.03,0.036,0.0043,0.0053,0.0045,0.0033,<0.0001,<0.02,<0.0001,0.0009,0.0007,<0.0001,0.0006
1240062,O'Connell River at Caravan Park,4/1/2017 16:10,0.23,<0.001,0.1,<0.02,0.01,<0.0002,<0.0001,<0.001,0.18,0.12,0.43,0.0011,<0.001,<0.001,0.0075,<0.001,<0.02,<0.0001,0.015,0.0015,<0.0001,<0.002
1240062,O'Connell River at Caravan Park,5/1/2017 1:52,0.15,<0.01,0.23,<0.05,0.33,<0.02,<0.02,<0.02,0.27,0.07,0.24,<0.02,<0.02,<0.07,<0.02,<0.02,<0.02,<0.02,<0.01,<0.02,<0.01,<0.05
1240062,O'Connell River at Caravan Park,5/1/2017 4:42,0.16,<0.01,0.27,<0.05,0.34,<0.02,<0.02,<0.02,0.29,0.09,0.32,<0.02,<0.02,<0.07,<0.02,<0.02,<0.02,<0.02,<0.01,<0.02,<0.01,<0.05
1240062,O'Connell River at Caravan Park,6/1/2017 9:18,0.52,<0.01,2.3,<0.05,0.3,<0.02,<0.02,0.05,0.71,0.32,0.61,<0.02,<0.02,<0.07,0.29,<0.02,<0.02,<0.02,<0.01,<0.005,<0.01,<0.05
1240062,O'Connell River at Caravan Park,6/1/2017 15:12,0.32,<0.01,2.9,<0.05,0.4,<0.02,<0.02,<0.02,0.32,0.14,0.4,<0.02,<0.02,<0.07,0.27,<0.02,<0.02,<0.02,<0.01,0.054,<0.01,<0.05
1240062,O'Connell River at Caravan Park,7/1/2017 3:22,0.2,<0.01,1.9,<0.05,0.39,<0.02,<0.02,<0.02,0.42,0.14,0.5,<0.02,<0.02,<0.07,0.17,<0.02,<0.02,<0.02,<0.01,0.037,<0.01,<0.05
1240062,O'Connell River at Caravan Park,7/1/2017 6:32,0.22,<0.01,1.9,<0.05,0.44,<0.02,<0.02,<0.02,0.56,0.18,0.7,<0.02,<0.02,<0.07,0.16,<0.02,<0.02,<0.02,<0.01,0.032,<0.01,<0.05
1240062,O'Connell River at Caravan Park,7/1/2017 8:52,0.22,<0.01,1.2,<0.05,0.36,<0.02,<0.02,<0.02,0.39,0.14,0.62,<0.02,<0.02,<0.07,0.11,<0.02,<0.02,<0.02,<0.01,0.041,<0.01,<0.05
1240062,O'Connell River at Caravan Park,7/1/2017 21:02,0.13,<0.01,0.44,<0.05,0.22,<0.02,<0.02,<0.02,0.15,0.08,0.4,<0.02,<0.02,<0.07,0.03,<0.02,<0.02,<0.02,<0.01,<0.02,<0.01,<0.05
1240062,O'Connell River at Caravan Park,8/1/2017 3:02,0.18,<0.01,0.53,<0.05,0.23,<0.02,<0.02,<0.02,0.24,0.11,0.47,<0.02,<0.02,<0.07,0.05,<0.02,<0.02,<0.02,<0.01,0.02,<0.01,<0.05
1240062,O'Connell River at Caravan Park,8/1/2017 11:32,0.13,<0.01,0.43,<0.05,0.26,<0.02,<0.02,<0.02,0.2,0.08,0.35,<0.02,<0.02,<0.07,0.03,<0.02,<0.02,<0.02,<0.01,0.023,<0.01,<0.05
1240062,O'Connell River at Caravan Park,9/1/2017 8:22,0.07,<0.01,0.27,<0.05,0.19,<0.02,<0.02,<0.02,0.14,0.06,0.21,<0.02,<0.02,<0.07,<0.02,<0.02,<0.02,<0.02,<0.01,0.02,<0.01,<0.05
1240062,O'Connell River at Caravan Park,9/1/2017 9:02,0.07,<0.01,0.23,<0.05,0.15,<0.02,<0.02,<0.02,0.12,0.05,0.15,<0.02,<0.02,<0.005,<0.02,<0.02,<0.02,<0.02,<0.01,<0.02,<0.01,<0.05
1240062,O'Connell River at Caravan Park,9/1/2017 10:52,0.07,<0.01,0.22,<0.05,0.15,<0.02,<0.02,<0.02,0.1,0.05,0.16,<0.02,<0.02,<0.005,<0.02,<0.02,<0.02,<0.02,<0.01,<0.02,<0.01,<0.05
1240062,O'Connell River at Caravan Park,13/1/2017 15:10,0.0069,0.0003,0.075,<0.02,0.029,<0.0002,<0.005,0.0003,0.076,0.027,0.034,0.0014,0.0002,0.0008,0.003,<0.0006,<0.02,<0.0001,0.0002,0.0047,<0.0001,<0.0005
1240062,O'Connell River at Caravan Park,21/1/2017 10:30,<0.02,<0.01,0.06,<0.02,0.03,<0.02,<0.05,<0.02,0.06,0.05,0.1,<0.02,<0.01,<0.01,<0.02,<0.02,<0.05,<0.02,<0.01,0.03,<0.01,<0.05
1240062,O'Connell River at Caravan Park,27/1/2017 14:50,<0.02,<0.01,0.03,<0.02,<0.02,<0.02,<0.05,<0.02,0.05,0.02,0.02,<0.02,<0.01,<0.01,<0.02,<0.02,<0.05,<0.02,<0.01,0.01,<0.01,<0.05
1240062,O'Connell River at Caravan Park,31/1/2017 7:02,0.69,<0.01,1,<0.02,0.26,<0.02,0.13,0.04,0.18,0.09,0.42,<0.02,0.22,0.03,0.19,<0.02,<0.05,<0.02,<0.01,0.02,<0.01,<0.05
1240062,O'Connell River at Caravan Park,31/1/2017 7:42,0.49,<0.01,0.91,<0.02,0.21,<0.02,0.12,0.02,0.13,0.07,0.36,<0.02,0.16,0.04,0.27,<0.02,<0.05,<0.02,<0.01,0.02,<0.01,<0.05
1240062,O'Connell River at Caravan Park,31/1/2017 9:12,0.4,<0.01,1,<0.02,0.2,<0.02,0.11,<0.02,0.15,0.1,0.46,<0.02,0.15,0.01,0.32,<0.02,<0.05,<0.02,<0.01,0.02,<0.01,<0.05
1240062,O'Connell River at Caravan Park,31/1/2017 12:12,0.3,<0.01,0.89,<0.02,0.26,<0.02,0.14,0.03,0.17,0.1,0.38,<0.02,0.39,<0.01,0.38,<0.02,<0.05,<0.02,<0.01,0.01,<0.01,<0.05
1240062,O'Connell River at Caravan Park,31/1/2017 16:02,0.26,<0.01,0.65,<0.02,0.25,<0.02,0.1,<0.02,0.18,0.1,0.48,<0.02,0.17,<0.01,0.32,<0.02,<0.05,<0.02,<0.01,0.01,<0.01,<0.05
1240062,O'Connell River at Caravan Park,31/1/2017 18:42,0.22,<0.01,0.63,<0.02,0.22,<0.02,0.09,<0.02,0.16,0.09,0.39,<0.02,0.2,<0.01,0.33,<0.02,<0.05,<0.02,<0.01,0.02,<0.01,<0.05
1240062,O'Connell River at Caravan Park,1/2/2017 1:52,0.11,<0.01,0.39,<0.02,0.24,<0.02,0.07,<0.02,0.16,0.08,0.35,<0.02,0.23,<0.01,0.29,<0.02,<0.05,<0.02,<0.01,0.02,<0.01,<0.05
1240062,O'Connell River at Caravan Park,1/2/2017 9:02,0.13,<0.01,0.37,<0.02,0.19,<0.02,0.08,<0.02,0.13,0.1,0.34,<0.02,0.21,<0.01,0.25,<0.02,<0.05,<0.02,<0.01,0.04,<0.01,<0.05
1240062,O'Connell River at Caravan Park,2/2/2017 11:00,0.12,<0.01,0.58,<0.02,0.13,<0.02,<0.05,<0.02,0.07,0.06,0.15,<0.02,0.06,<0.01,0.12,<0.02,<0.05,<0.02,<0.01,<0.01,<0.01,<0.05
1240062,O'Connell River at Caravan Park,10/2/2017 13:05,0.0013,0.0003,0.031,<0.05,0.0088,<0.0005,0.001,<0.0005,0.02,0.0093,0.01,0.0004,<0.002,0.0003,<0.002,<0.002,<0.02,<0.0005,<0.0005,0.006,<0.0001,<0.002
1240062,O'Connell River at Caravan Park,17/2/2017 11:15,0.61,0.0003,0.19,<0.05,0.039,<0.0005,0.061,0.0022,0.092,0.028,0.026,0.0004,0.038,0.0003,0.0022,0.002,<0.02,<0.0005,<0.0005,0.015,<0.0001,0.0061
1240062,O'Connell River at Caravan Park,23/2/2017 15:20,<0.02,<0.01,0.03,<0.02,<0.02,<0.02,<0.05,<0.02,0.03,<0.01,<0.02,<0.02,<0.01,<0.01,<0.02,<0.02,<0.02,<0.02,<0.01,<0.01,<0.01,<0.05
1240062,O'Connell River at Caravan Park,2/3/2017 15:00,<0.02,<0.01,0.02,<0.02,<0.02,<0.02,<0.05,<0.02,0.02,<0.01,<0.02,<0.02,<0.01,<0.01,<0.02,<0.02,<0.02,<0.02,<0.01,<0.01,<0.01,<0.05
1240062,O'Connell River at Caravan Park,20/3/2017 23:42,0.4,<0.0005,0.05,<0.02,0.25,<0.0005,0.036,0.0039,0.02,0.019,0.034,0.0014,0.012,0.0007,0.003,0.0082,<0.02,<0.0005,<0.0005,0.028,<0.0005,0.058
1240062,O'Connell River at Caravan Park,22/3/2017 22:32,0.06,<0.01,<0.02,<0.05,<0.02,<0.02,<0.05,<0.02,<0.01,<0.01,<0.02,<0.02,<0.01,<0.01,<0.02,<0.02,<0.02,<0.02,<0.01,0.1,<0.01,<0.05
1240062,O'Connell River at Caravan Park,23/3/2017 10:52,0.39,<0.01,0.08,<0.05,0.08,<0.02,0.11,<0.02,0.03,0.01,0.08,<0.02,0.02,<0.01,0.02,<0.02,<0.02,<0.02,<0.01,0.05,<0.01,0.05
1240062,O'Connell River at Caravan Park,24/3/2017 2:12,0.2,<0.01,0.25,<0.05,0.07,<0.02,0.13,<0.02,0.04,0.02,0.08,<0.02,0.02,<0.01,<0.02,<0.02,<0.02,<0.02,<0.01,0.07,<0.01,<0.05
1240062,O'Connell River at Caravan Park,24/3/2017 13:00,0.18,<0.01,0.24,<0.05,0.05,<0.02,0.08,<0.02,0.04,0.02,0.12,<0.02,0.03,<0.01,0.03,<0.02,<0.02,<0.02,<0.01,0.03,<0.01,0.07
1240062,O'Connell River at Caravan Park,28/3/2017 7:52,0.12,<0.01,0.1,<0.05,0.02,<0.02,0.05,<0.02,0.03,0.02,0.12,<0.02,0.03,<0.01,0.03,<0.02,<0.02,<0.02,<0.01,0.02,<0.01,<0.05
1240062,O'Connell River at Caravan Park,28/3/2017 17:02,0.31,<0.01,0.04,<0.05,<0.02,<0.02,<0.05,<0.02,0.01,<0.01,0.06,<0.02,0.01,<0.01,<0.02,<0.02,<0.02,<0.02,<0.01,0.02,<0.01,<0.05
1240062,O'Connell River at Caravan Park,28/3/2017 20:12,0.12,<0.01,0.02,<0.05,<0.02,<0.02,<0.05,<0.02,<0.01,<0.01,0.05,<0.02,<0.01,<0.01,<0.02,<0.02,<0.02,<0.02,<0.01,<0.01,<0.01,<0.05
1240062,O'Connell River at Caravan Park,30/3/2017 14:30,<0.02,<0.01,<0.02,<0.05,<0.02,<0.02,<0.05,<0.02,<0.01,<0.01,0.05,<0.02,<0.01,<0.01,<0.02,<0.02,<0.02,<0.02,<0.01,<0.01,<0.01,<0.05
1240062,O'Connell River at Caravan Park,3/4/2017 12:30,<0.02,<0.01,<0.02,<0.02,<0.02,<0.02,<0.05,<0.02,<0.01,<0.01,<0.02,<0.02,<0.01,<0.01,<0.02,<0.02,<0.02,<0.02,<0.01,<0.01,<0.01,<0.05
1240062,O'Connell River at Caravan Park,5/4/2017 13:50,<0.0005,<0.0005,0.0026,<0.05,0.0022,<0.0005,<0.001,<0.0005,0.0029,0.002,0.0052,<0.0005,<0.0005,<0.0005,<0.0005,<0.0005,<0.05,<0.0005,<0.0005,0.0031,<0.0005,<0.05
1240062,O'Connell River at Caravan Park,10/4/2017 13:19,<0.0005,<0.0005,0.0023,<0.05,0.0016,<0.0005,<0.001,<0.0005,0.0028,0.0016,0.0036,<0.0005,<0.0005,<0.0005,<0.0005,<0.0005,<0.05,<0.0005,<0.0005,0.0023,<0.0005,<0.05
1240062,O'Connell River at Caravan Park,13/4/2017 16:40,<0.0005,<0.0005,0.0023,<0.05,0.0017,<0.0005,<0.001,<0.0005,0.0033,0.0018,0.0023,<0.0005,<0.0005,<0.0005,<0.0005,<0.0005,<0.05,<0.0005,<0.0005,0.0024,<0.0005,<0.05
1240062,O'Connell River at Caravan Park,28/4/2017 8:10,<0.002,<0.0005,0.0018,<0.02,<0.001,<0.0005,<0.005,<0.001,0.0029,0.0013,0.001,<0.0005,<0.001,<0.0005,<0.001,<0.0005,<0.02,<0.0005,<0.0005,0.0015,<0.0005,<0.005
1240062,O'Connell River at Caravan Park,20/5/2017 11:40,0.081,<0.0005,0.35,<0.02,0.009,<0.0005,0.021,<0.001,0.015,0.012,0.02,<0.0005,0.014,0.32,<0.001,0.003,<0.02,<0.0005,0.0007,0.058,<0.0005,<0.005
1240062,O'Connell River at Caravan Park,22/5/2017 14:20,0.018,<0.0005,0.073,<0.02,0.003,<0.0005,0.0073,0.0029,0.007,0.0051,0.0085,<0.0005,0.0031,0.048,<0.001,0.0014,<0.02,<0.0005,<0.0005,0.018,<0.0005,<0.005
1240062,O'Connell River at Caravan Park,16/6/2017 10:38,<0.005,<0.0005,0.012,<0.02,0.001,<0.0005,<0.03,<0.001,0.0043,0.0021,0.001,<0.0005,<0.001,0.0051,<0.001,<0.0005,<0.02,<0.0005,<0.0005,0.0035,<0.0005,<0.01
1240062,O'Connell River at Caravan Park,21/7/2017 12:50,<0.02,<0.01,<0.02,<0.02,<0.02,<0.02,<0.05,<0.02,<0.01,<0.01,<0.02,<0.02,<0.01,<0.01,<0.05,<0.02,<0.02,<0.02,<0.01,<0.01,<0.01,<0.1
1240062,O'Connell River at Caravan Park,23/8/2017 14:35,<0.05,<0.01,<0.02,<0.02,<0.02,<0.02,<0.05,<0.02,<0.01,<0.01,<0.02,<0.02,<0.02,<0.01,<0.05,<0.02,<0.02,<0.02,<0.01,<0.01,<0.01,<0.2
1240062,O'Connell River at Caravan Park,6/10/2017 14:25,<0.1,<0.01,<0.02,<0.02,<0.02,<0.02,<0.05,<0.02,<0.01,<0.01,<0.02,<0.02,<0.01,<0.01,<0.02,<0.02,<0.02,<0.02,<0.01,<0.01,<0.01,<0.05
1240062,O'Connell River at Caravan Park,28/10/2017 16:07,<0.02,<0.01,0.22,<0.02,0.07,<0.02,<0.05,<0.02,0.57,0.09,0.16,<0.02,<0.01,0.04,<0.02,<0.02,<0.02,<0.02,<0.01,0.02,<0.01,<0.05
1240062,O'Connell River at Caravan Park,2/11/2017 9:22,0.94,<0.01,0.26,<0.02,2.8,<0.02,0.26,<0.02,0.86,0.35,0.47,<0.02,0.07,0.16,<0.02,<0.02,<0.02,<0.02,<0.01,0.05,<0.01,<0.05
1240062,O'Connell River at Caravan Park,2/11/2017 15:32,0.6,<0.01,0.37,<0.02,2.2,<0.02,0.25,<0.02,0.86,0.36,0.57,<0.02,0.03,0.18,<0.02,<0.02,<0.02,<0.02,<0.01,0.04,<0.01,<0.05
1240062,O'Connell River at Caravan Park,2/11/2017 21:42,0.5,<0.01,0.35,<0.02,1.7,<0.02,0.32,<0.02,0.9,0.37,0.57,<0.02,0.02,0.13,<0.02,<0.02,<0.02,<0.02,<0.01,0.03,<0.01,<0.05
1240062,O'Connell River at Caravan Park,3/11/2017 3:52,0.35,<0.01,0.17,<0.02,0.82,<0.02,0.13,<0.02,0.85,0.31,0.46,<0.02,0.03,0.06,<0.02,<0.02,<0.02,<0.02,<0.01,0.03,<0.01,<0.05
1240062,O'Connell River at Caravan Park,3/11/2017 10:02,0.22,<0.01,0.09,<0.02,0.56,<0.02,0.07,<0.02,0.64,0.23,0.3,<0.02,0.02,0.05,<0.02,<0.02,<0.02,<0.02,<0.01,0.03,<0.01,<0.05
1240062,O'Connell River at Caravan Park,3/11/2017 14:12,0.26,<0.01,0.08,<0.02,0.54,<0.02,0.08,<0.02,0.6,0.2,0.34,<0.02,0.02,0.04,<0.02,<0.02,<0.02,<0.02,<0.01,0.04,<0.01,<0.05
1240062,O'Connell River at Caravan Park,27/11/2017 9:45,<0.05,<0.01,0.06,<0.05,0.14,<0.02,<0.05,<0.02,0.41,0.04,0.04,<0.02,<0.01,<0.01,<0.02,<0.02,<0.05,<0.02,<0.01,<0.01,<0.01,<0.05
1240062,O'Connell River at Caravan Park,30/11/2017 6:52,3.1,<0.01,3.2,<0.05,0.22,<0.02,<0.05,<0.02,0.47,0.11,0.08,<0.02,1.3,0.01,<0.02,0.03,<0.05,<0.02,<0.01,0.17,<0.01,0.2
1240062,O'Connell River at Caravan Park,4/12/2017 6:12,0.22,<0.01,0.5,<0.05,0.16,<0.02,0.05,<0.02,0.29,0.09,0.15,<0.02,0.05,<0.01,<0.02,<0.02,<0.02,<0.02,<0.01,0.07,<0.01,<0.05
1240062,O'Connell River at Caravan Park,4/12/2017 12:22,0.19,<0.01,0.65,<0.05,0.17,<0.02,<0.05,<0.02,0.33,0.1,0.19,<0.02,0.02,<0.01,<0.02,<0.02,<0.02,<0.02,<0.01,0.04,<0.01,<0.05
1240062,O'Connell River at Caravan Park,12/12/2017 14:39,<0.02,<0.01,0.18,<0.05,0.08,<0.02,<0.05,<0.02,0.17,0.03,0.03,<0.02,<0.01,<0.01,<0.02,<0.02,<0.02,<0.02,<0.01,0.01,<0.01,<0.05
1240062,O'Connell River at Caravan Park,15/12/2017 11:30,<0.05,<0.01,0.16,<0.05,0.06,<0.02,<0.05,<0.02,0.16,0.02,<0.02,<0.02,<0.01,<0.01,<0.02,<0.02,<0.05,<0.02,<0.01,<0.01,<0.01,<0.1
1240062,O'Connell River at Caravan Park,22/12/2017 14:25,<0.02,<0.01,0.14,<0.02,0.04,<0.02,<0.05,<0.02,0.14,0.01,<0.02,<0.02,<0.01,<0.01,<0.02,<0.02,<0.02,<0.02,<0.01,<0.01,<0.01,<0.05
1240062,O'Connell River at Caravan Park,29/12/2017 11:52,<0.02,<0.01,0.11,<0.02,0.04,<0.02,<0.05,<0.02,0.12,<0.01,<0.02,<0.02,<0.01,<0.01,<0.02,<0.02,<0.02,<0.02,<0.01,<0.01,<0.01,<0.05
1240062,O'Connell River at Caravan Park,5/1/2018 14:37,<0.02,<0.01,0.07,<0.02,0.04,<0.02,<0.05,<0.02,0.1,<0.01,<0.02,<0.02,0.07,<0.01,<0.02,<0.02,<0.02,<0.02,<0.01,<0.01,<0.01,<0.05
1240062,O'Connell River at Caravan Park,12/1/2018 10:58,0.13,<0.01,0.47,<0.02,0.23,<0.02,<0.05,<0.02,0.4,0.03,<0.02,<0.02,0.04,<0.01,<0.02,<0.02,<0.02,<0.02,<0.01,<0.01,<0.01,<0.05
1240062,O'Connell River at Caravan Park,19/1/2018 16:05,<0.02,<0.01,0.19,<0.02,0.14,<0.02,<0.05,<0.02,0.22,<0.01,<0.02,<0.02,0.01,<0.01,<0.02,<0.02,<0.02,<0.02,<0.01,<0.01,<0.01,<0.05
1240062,O'Connell River at Caravan Park,24/1/2018 10:08,0.1,<0.01,0.44,<0.02,0.46,<0.02,0.1,<0.02,0.46,0.02,<0.02,<0.02,0.03,<0.01,<0.02,<0.02,<0.02,<0.02,<0.01,<0.01,<0.01,<0.05
1240062,O'Connell River at Caravan Park,2/2/2018 13:37,<0.02,<0.01,0.16,<0.02,0.03,<0.02,<0.05,<0.02,0.08,<0.01,<0.02,<0.02,<0.01,<0.01,<0.02,<0.02,<0.02,<0.02,<0.01,<0.01,<0.01,<0.05
1240062,O'Connell River at Caravan Park,4/2/2018 11:51,0.1,<0.01,0.31,<0.02,0.14,<0.02,<0.05,<0.02,0.17,0.04,0.02,<0.02,0.14,<0.01,<0.02,<0.02,<0.02,<0.02,<0.01,<0.01,<0.01,<0.05
1240062,O'Connell River at Caravan Park,4/2/2018 18:01,0.34,<0.01,0.21,<0.02,0.14,<0.02,0.05,<0.02,0.13,0.03,<0.02,<0.02,0.1,<0.01,<0.02,<0.02,<0.02,<0.02,<0.01,<0.01,<0.01,<0.05
1240062,O'Connell River at Caravan Park,5/2/2018 0:11,1.1,<0.01,0.24,<0.02,0.29,<0.02,0.12,<0.02,0.22,0.07,0.09,<0.02,0.28,<0.01,<0.02,<0.02,<0.02,<0.02,<0.01,0.01,<0.01,<0.05
1240062,O'Connell River at Caravan Park,5/2/2018 6:21,1,<0.01,0.24,<0.02,0.28,<0.02,0.08,<0.02,0.2,0.07,0.1,<0.02,0.22,<0.01,<0.02,<0.02,<0.02,<0.02,<0.01,0.01,<0.01,<0.05
1240062,O'Connell River at Caravan Park,9/2/2018 10:55,0.1,<0.01,0.18,<0.02,0.11,<0.02,<0.05,<0.02,0.12,0.03,0.03,<0.1,0.03,<0.01,<0.02,<0.02,<0.02,<0.02,<0.01,<0.01,<0.01,<0.05
1240062,O'Connell River at Caravan Park,16/2/2018 15:18,0.02,<0.01,0.18,<0.02,0.04,<0.02,<0.05,<0.02,0.09,0.01,<0.02,0.02,<0.01,<0.01,<0.05,<0.02,<0.02,<0.02,<0.01,<0.01,<0.01,<0.05
1240062,O'Connell River at Caravan Park,23/2/2018 11:00,<0.05,<0.01,0.04,<0.02,0.05,<0.02,<0.05,<0.02,0.03,<0.01,<0.02,<0.02,<0.01,<0.01,<0.02,<0.02,<0.02,<0.02,<0.01,0.12,<0.01,<0.05
1240062,O'Connell River at Caravan Park,25/2/2018 19:21,0.16,<0.01,0.22,<0.02,0.12,<0.02,0.18,<0.02,0.13,0.07,0.16,0.03,0.05,<0.01,0.06,<0.02,<0.02,<0.02,<0.01,0.1,<0.01,<0.05
1240062,O'Connell River at Caravan Park,25/2/2018 22:11,0.14,<0.01,0.37,<0.02,0.12,<0.02,0.14,<0.02,0.12,0.08,0.16,0.05,0.03,<0.01,0.03,<0.02,<0.02,<0.02,<0.01,0.09,<0.01,<0.05
1240062,O'Connell River at Caravan Park,26/2/2018 4:21,<0.05,<0.01,0.08,<0.02,0.08,<0.02,0.05,<0.02,0.08,0.04,0.16,0.03,0.02,<0.01,<0.02,<0.02,<0.02,<0.02,<0.01,0.07,<0.01,<0.05
1240062,O'Connell River at Caravan Park,26/2/2018 10:31,0.05,<0.01,0.15,<0.02,0.08,<0.02,0.06,<0.02,0.08,0.05,0.16,0.05,0.02,<0.01,<0.02,<0.02,<0.02,<0.02,<0.01,0.06,<0.01,<0.05
1240062,O'Connell River at Caravan Park,28/2/2018 6:41,0.14,<0.01,0.32,<0.02,0.14,<0.02,<0.05,<0.02,0.11,0.05,0.09,0.07,<0.01,<0.01,<0.05,<0.02,<0.02,<0.02,<0.01,0.12,<0.01,<0.05
1240062,O'Connell River at Caravan Park,28/2/2018 7:41,0.14,<0.01,0.32,<0.02,0.08,<0.02,<0.05,<0.02,0.08,0.06,0.11,0.07,0.01,<0.01,<0.05,<0.02,<0.02,<0.02,<0.01,0.07,<0.01,<0.05
1240062,O'Connell River at Caravan Park,28/2/2018 13:51,0.13,<0.01,0.39,<0.02,0.06,<0.02,<0.05,<0.02,0.04,0.04,0.1,0.07,0.01,<0.01,<0.05,<0.02,<0.02,<0.02,<0.01,0.04,<0.01,<0.05
1240062,O'Connell River at Caravan Park,28/2/2018 17:41,0.09,<0.01,0.29,<0.02,0.11,<0.02,<0.05,<0.02,0.05,0.03,0.09,0.05,0.01,<0.01,<0.05,<0.02,<0.02,<0.02,<0.01,0.02,<0.01,<0.05
1240062,O'Connell River at Caravan Park,1/3/2018 14:11,0.04,<0.01,0.13,<0.02,0.08,<0.02,<0.05,<0.02,0.07,0.02,0.11,0.02,<0.01,<0.01,<0.02,<0.02,<0.02,<0.02,<0.01,0.03,<0.01,<0.05
1240062,O'Connell River at Caravan Park,1/3/2018 20:21,0.03,<0.01,0.14,<0.02,0.05,<0.02,<0.05,<0.02,0.03,0.02,0.09,0.03,<0.01,<0.01,<0.02,<0.02,<0.02,<0.02,<0.01,0.06,<0.01,<0.05
1240062,O'Connell River at Caravan Park,2/3/2018 2:31,0.02,<0.01,0.11,<0.02,0.06,<0.02,<0.05,<0.02,0.04,0.02,0.09,0.04,<0.01,<0.01,<0.02,<0.02,<0.02,<0.02,<0.01,0.04,<0.01,<0.05
1240062,O'Connell River at Caravan Park,2/3/2018 8:41,0.02,<0.01,0.08,<0.02,0.05,<0.02,<0.05,<0.02,0.04,0.02,0.08,0.03,<0.01,<0.01,<0.02,<0.02,<0.02,<0.02,<0.01,0.03,<0.01,<0.05
1240062,O'Connell River at Caravan Park,6/3/2018 8:30,0.04,<0.01,0.02,<0.02,0.05,<0.02,<0.05,<0.02,0.02,<0.01,0.04,<0.02,<0.01,<0.01,<0.02,<0.02,<0.02,<0.02,<0.01,0.09,<0.01,<0.05
1240062,O'Connell River at Caravan Park,9/3/2018 10:30,<0.02,<0.01,0.03,<0.02,0.03,<0.02,<0.05,<0.02,0.02,<0.01,<0.02,<0.02,<0.01,<0.01,<0.05,<0.02,<0.02,<0.02,<0.01,0.02,<0.01,<0.05
1240062,O'Connell River at Caravan Park,23/3/2018 15:50,<0.02,<0.01,<0.02,<0.05,<0.02,<0.02,<0.05,<0.02,<0.01,<0.01,<0.02,<0.02,<0.01,<0.01,<0.02,<0.05,<0.05,<0.05,<0.01,0.01,<0.01,<0.05
1240062,O'Connell River at Caravan Park,24/3/2018 16:31,0.26,<0.01,0.07,<0.05,0.08,<0.02,0.18,<0.02,0.09,0.03,0.02,<0.02,0.02,<0.01,<0.02,<0.05,<0.05,<0.05,<0.01,0.01,<0.01,<0.05
1240062,O'Connell River at Caravan Park,25/3/2018 4:51,0.11,<0.01,0.05,<0.05,0.08,<0.02,0.23,<0.02,0.05,0.03,0.03,<0.02,0.01,<0.01,<0.02,<0.05,<0.05,<0.05,<0.01,0.02,<0.01,<0.05
1240062,O'Connell River at Caravan Park,25/3/2018 16:37,0.09,<0.01,0.04,<0.05,0.04,<0.02,0.09,<0.02,0.04,0.03,0.03,<0.02,<0.01,<0.01,<0.02,<0.05,<0.05,<0.05,<0.01,0.02,<0.01,<0.05
1240062,O'Connell River at Caravan Park,25/3/2018 22:51,0.15,<0.01,0.08,<0.05,0.11,<0.02,0.22,<0.02,0.12,0.07,0.08,0.02,0.05,<0.01,<0.02,<0.05,<0.05,<0.05,<0.01,0.01,<0.01,<0.05
1240062,O'Connell River at Caravan Park,26/3/2018 5:01,0.14,<0.01,0.11,<0.05,0.08,<0.02,0.25,<0.02,0.09,0.06,0.1,0.03,0.04,<0.01,<0.02,<0.05,<0.05,<0.05,<0.01,0.02,<0.01,<0.05
1240062,O'Connell River at Caravan Park,26/3/2018 11:11,0.07,<0.01,0.08,<0.05,0.06,<0.02,0.14,<0.02,0.06,0.04,0.08,<0.02,0.03,<0.01,<0.02,<0.05,<0.05,<0.05,<0.01,0.03,<0.01,<0.05
1240062,O'Connell River at Caravan Park,29/3/2018 15:55,<0.02,<0.01,0.03,<0.05,<0.02,<0.02,<0.05,<0.02,0.04,0.02,0.03,<0.02,<0.01,<0.01,<0.02,<0.05,<0.05,<0.05,<0.01,0.02,<0.01,<0.05
1240062,O'Connell River at Caravan Park,2/4/2018 16:41,0.08,<0.01,0.05,<0.05,0.02,<0.02,<0.05,<0.02,0.05,0.04,0.04,<0.02,0.01,<0.01,<0.02,<0.05,<0.05,<0.05,<0.01,0.01,<0.01,<0.05
1240062,O'Connell River at Caravan Park,2/4/2018 21:01,0.09,<0.01,0.02,<0.05,<0.02,<0.02,<0.05,<0.02,0.07,0.03,0.07,<0.02,<0.01,<0.01,<0.02,<0.05,<0.05,<0.05,<0.01,0.04,<0.01,<0.05
1240062,O'Connell River at Caravan Park,3/4/2018 3:11,0.04,<0.01,0.02,<0.05,<0.02,<0.02,<0.05,<0.02,0.06,0.02,0.06,<0.02,<0.01,<0.01,<0.02,<0.05,<0.05,<0.05,<0.01,0.05,<0.01,<0.05
1240062,O'Connell River at Caravan Park,3/4/2018 14:15,0.03,<0.01,<0.02,<0.05,<0.02,<0.02,<0.05,<0.02,0.05,0.02,0.04,<0.02,<0.01,<0.01,<0.02,<0.05,<0.05,<0.05,<0.01,0.04,<0.01,<0.05
1240062,O'Connell River at Caravan Park,3/4/2018 15:31,0.02,<0.01,<0.02,<0.05,<0.02,<0.02,<0.05,<0.02,0.05,0.02,0.04,<0.02,<0.01,<0.01,<0.02,<0.05,<0.05,<0.05,<0.01,0.04,<0.01,<0.05
1240062,O'Connell River at Caravan Park,4/4/2018 2:51,0.03,<0.01,0.04,<0.05,<0.02,<0.02,<0.05,<0.02,0.06,0.04,0.06,<0.02,<0.01,<0.01,<0.02,<0.05,<0.05,<0.05,<0.01,0.05,<0.01,<0.05
1240062,O'Connell River at Caravan Park,4/4/2018 9:01,0.03,<0.01,0.03,<0.05,<0.02,<0.02,<0.05,<0.02,0.06,0.03,0.07,<0.02,<0.01,<0.01,<0.02,<0.05,<0.05,<0.05,<0.01,0.06,<0.01,<0.05
1240062,O'Connell River at Caravan Park,4/4/2018 11:25,0.03,<0.01,0.03,<0.05,<0.02,<0.02,<0.05,<0.02,0.05,0.02,0.06,<0.02,<0.01,<0.01,<0.02,<0.05,<0.05,<0.05,<0.01,0.07,<0.01,<0.05
1240062,O'Connell River at Caravan Park,4/4/2018 15:21,0.03,<0.01,0.03,<0.05,<0.02,<0.02,<0.05,<0.02,0.05,0.02,0.07,<0.02,<0.01,<0.01,<0.02,<0.05,<0.05,<0.05,<0.01,0.05,<0.01,<0.05
1240062,O'Connell River at Caravan Park,4/4/2018 21:31,0.03,<0.01,0.02,<0.05,<0.02,<0.02,<0.05,<0.02,0.04,0.02,0.06,<0.02,<0.01,<0.01,<0.02,<0.05,<0.05,<0.05,<0.01,0.05,<0.01,<0.05
1240062,O'Connell River at Caravan Park,5/4/2018 9:51,0.02,<0.01,<0.02,<0.05,<0.02,<0.02,<0.05,<0.02,0.04,0.02,0.05,<0.02,<0.01,<0.01,<0.02,<0.05,<0.05,<0.05,<0.01,0.03,<0.01,<0.05
1240062,O'Connell River at Caravan Park,9/4/2018 10:54,<0.02,<0.01,<0.02,<0.05,<0.02,<0.02,<0.05,<0.02,0.02,<0.01,<0.02,<0.02,<0.01,<0.01,<0.02,<0.05,<0.05,<0.05,<0.01,0.01,<0.01,<0.05
1240062,O'Connell River at Caravan Park,18/4/2018 15:15,<0.05,<0.01,0.05,<0.02,<0.02,<0.02,<0.05,<0.02,<0.01,<0.01,<0.02,<0.02,<0.02,<0.01,<0.05,<0.02,<0.02,<0.02,<0.01,<0.01,<0.01,<0.1
1240062,O'Connell River at Caravan Park,30/4/2018 13:30,<0.05,<0.01,<0.02,<0.02,<0.02,<0.02,<0.05,<0.02,<0.01,<0.01,<0.02,<0.02,<0.02,<0.01,<0.05,<0.02,<0.02,<0.02,<0.01,<0.01,<0.01,<0.1
1240062,O'Connell River at Caravan Park,28/5/2018 11:35,<0.02,<0.01,<0.02,<0.02,<0.02,<0.02,<0.05,<0.02,<0.01,<0.01,<0.02,<0.02,<0.01,<0.01,<0.02,<0.02,<0.02,<0.02,<0.01,<0.01,<0.01,<0.05
1240062,O'Connell River at Caravan Park,2/7/2018 14:45,<0.02,<0.01,<0.02,<0.02,<0.02,0.15,<0.05,<0.02,<0.01,<0.01,<0.02,<0.02,<0.01,<0.01,<0.02,<0.02,<0.02,<0.02,<0.01,<0.01,<0.01,<0.05
1240062,O'Connell River at Caravan Park,28/8/2018 16:00,<0.02,<0.01,<0.02,<0.02,<0.02,<0.02,<0.05,<0.02,0.01,<0.01,<0.02,<0.02,<0.01,<0.01,<0.02,<0.02,<0.02,<0.02,<0.01,<0.01,<0.01,<0.05
1240062,O'Connell River at Caravan Park,25/9/2018 14:55,<0.02,<0.02,<0.02,<0.02,<0.02,<0.02,<0.05,<0.02,<0.01,<0.01,<0.02,<0.02,<0.01,<0.01,<0.02,<0.02,<0.02,<0.02,<0.01,<0.01,<0.01,<0.05
1240062,O'Connell River at Caravan Park,2/11/2018 10:15,<0.02,<0.05,<0.02,<0.02,<0.02,<0.02,<0.05,<0.02,0.01,<0.01,<0.02,<0.02,<0.01,<0.01,<0.02,<0.02,<0.02,<0.05,<0.01,<0.01,<0.01,<0.1
1240062,O'Connell River at Caravan Park,16/11/2018 12:00,<0.02,<0.01,<0.02,<0.02,<0.02,<0.02,<0.05,<0.02,<0.01,<0.01,<0.02,<0.02,<0.01,<0.01,<0.02,<0.02,<0.02,<0.02,<0.01,<0.01,<0.01,<0.05
1240062,O'Connell River at Caravan Park,22/11/2018 11:45,<0.05,<0.01,<0.02,<0.02,<0.02,<0.02,<0.05,<0.02,<0.01,<0.01,<0.02,<0.02,<0.01,<0.01,<0.02,<0.02,<0.02,<0.02,<0.01,<0.01,<0.01,<0.05
1240062,O'Connell River at Caravan Park,30/11/2018 8:40,<0.02,<0.01,<0.02,<0.02,<0.02,<0.02,<0.05,<0.02,0.03,<0.01,<0.02,<0.02,<0.01,<0.01,<0.02,<0.02,<0.02,<0.02,<0.01,<0.01,<0.01,<0.1
1240062,O'Connell River at Caravan Park,5/12/2018 12:45,<0.02,<0.01,<0.02,<0.02,<0.02,<0.02,<0.05,<0.02,0.01,<0.01,<0.02,<0.02,<0.02,<0.01,<0.02,<0.02,<0.02,<0.02,<0.01,<0.01,<0.01,<0.05
1240062,O'Connell River at Caravan Park,14/12/2018 11:25,<0.02,<0.01,0.03,<0.02,0.02,<0.02,<0.05,<0.02,0.03,0.01,<0.02,<0.02,<0.02,0.01,<0.02,<0.02,<0.02,<0.02,<0.01,<0.01,<0.01,<0.05
1240062,O'Connell River at Caravan Park,16/12/2018 20:38,<0.02,<0.01,0.36,<0.02,0.26,<0.02,<0.05,<0.02,0.64,0.34,0.37,0.06,<0.02,0.07,0.03,<0.02,<0.02,<0.02,<0.01,0.03,<0.01,<0.05
1240062,O'Connell River at Caravan Park,17/12/2018 2:48,0.05,<0.01,0.21,<0.02,0.24,<0.02,<0.05,<0.02,0.51,0.31,0.51,0.04,<0.02,0.09,<0.02,<0.02,<0.02,<0.02,<0.01,0.21,<0.01,0.06
1240062,O'Connell River at Caravan Park,17/12/2018 8:58,0.11,<0.01,0.14,<0.02,0.38,<0.02,<0.05,<0.02,0.34,0.18,0.34,0.02,<0.02,0.04,<0.02,<0.02,<0.02,<0.02,<0.01,0.13,<0.01,<0.05
1240062,O'Connell River at Caravan Park,20/12/2018 13:20,<1,<0.01,0.11,<0.02,0.44,<0.02,<0.05,<0.02,0.29,0.1,0.33,<0.02,<0.01,0.02,<0.02,<0.02,<0.02,<0.02,<0.01,0.05,<0.01,<0.05
1240062,O'Connell River at Caravan Park,28/12/2018 9:35,<0.2,<0.01,0.06,<0.02,0.06,<0.02,<0.05,<0.02,0.19,0.08,0.06,<0.02,<0.01,<0.01,<0.02,<0.05,<0.02,<0.02,<0.01,<0.01,<0.01,<0.1
1240062,O'Connell River at Caravan Park,2/1/2019 12:00,<0.2,<0.01,0.08,<0.02,0.05,<0.02,<0.05,<0.02,0.16,0.04,0.04,<0.02,<0.01,<0.01,<0.02,<0.05,<0.02,<0.02,<0.01,0.01,<0.01,<0.1
1240062,O'Connell River at Caravan Park,10/1/2019 8:55,0.13,<0.01,0.08,<0.02,0.07,<0.02,<0.05,<0.02,0.13,0.03,0.03,<0.02,<0.02,<0.01,<0.02,<0.02,<0.02,<0.02,<0.01,0.01,<0.01,<0.05
1240062,O'Connell River at Caravan Park,11/1/2019 7:31,0.03,<0.01,0.08,<0.02,0.04,<0.02,<0.05,<0.02,0.12,0.05,0.04,<0.02,<0.02,<0.01,<0.02,<0.02,<0.02,<0.02,<0.01,0.01,<0.01,<0.05
1240062,O'Connell River at Caravan Park,11/1/2019 13:41,0.83,<0.01,9.2,<0.02,0.67,<0.02,0.19,<0.02,0.46,0.25,0.31,0.63,<0.02,0.03,1.1,<0.02,<0.02,<0.02,0.05,0.04,<0.01,<0.05
1240062,O'Connell River at Caravan Park,11/1/2019 19:01,0.38,<0.01,6.1,<0.02,0.89,<0.02,0.08,<0.02,0.31,0.11,0.26,0.48,<0.02,0.01,0.84,<0.02,<0.02,<0.02,0.04,0.1,<0.01,<0.05
1240062,O'Connell River at Caravan Park,12/1/2019 1:11,0.27,<0.01,4.3,<0.02,0.92,<0.02,0.07,<0.02,0.34,0.13,0.26,0.28,0.02,0.02,0.49,<0.02,<0.02,<0.02,0.02,0.06,<0.01,<0.05
1240062,O'Connell River at Caravan Park,12/1/2019 7:21,0.24,<0.01,3.7,<0.02,0.87,<0.02,0.05,<0.02,0.51,0.17,0.23,0.18,0.04,0.01,0.3,<0.02,<0.02,<0.02,0.01,0.04,<0.01,<0.05
1240062,O'Connell River at Caravan Park,12/1/2019 20:31,0.16,<0.01,2.6,<0.02,0.52,<0.02,0.07,<0.02,0.55,0.15,0.21,0.12,0.03,<0.01,0.15,<0.02,<0.02,<0.02,<0.01,0.05,<0.01,0.05
1240062,O'Connell River at Caravan Park,13/1/2019 8:41,0.09,<0.01,2.1,<0.02,0.39,<0.02,0.05,<0.02,0.51,0.14,0.17,0.1,<0.02,<0.01,0.13,<0.02,<0.02,<0.02,<0.01,0.04,<0.01,<0.05
1240062,O'Connell River at Caravan Park,23/1/2019 14:45,<0.02,<0.01,0.52,<0.02,0.06,<0.02,<0.05,<0.02,0.09,0.01,<0.02,0.03,<0.01,<0.01,<0.02,<0.02,<0.02,<0.02,<0.01,<0.01,<0.01,<0.05
1240062,O'Connell River at Caravan Park,28/1/2019 9:11,0.49,<0.01,5,<0.02,0.96,<0.02,0.1,<0.02,0.13,0.07,0.2,0.21,0.07,0.02,0.27,<0.02,<0.02,<0.02,0.03,0.04,<0.01,<0.05
1240062,O'Connell River at Caravan Park,28/1/2019 11:41,0.42,<0.01,5.4,<0.02,0.87,<0.02,0.18,<0.02,0.17,0.11,0.28,0.2,0.11,0.02,0.23,<0.02,<0.02,<0.02,0.02,0.05,<0.01,<0.05
1240062,O'Connell River at Caravan Park,28/1/2019 14:11,0.3,<0.01,3.2,<0.02,0.43,<0.02,0.07,<0.02,0.11,0.08,0.21,0.13,0.08,0.03,0.14,<0.02,<0.02,<0.02,0.02,0.01,<0.01,<0.05
1240062,O'Connell River at Caravan Park,28/1/2019 20:01,0.34,<0.01,1.3,<0.02,0.34,<0.02,<0.05,<0.02,0.06,0.03,0.13,0.04,0.03,0.03,0.04,<0.02,<0.02,<0.02,<0.01,0.01,<0.01,<0.05
1240062,O'Connell River at Caravan Park,29/1/2019 2:11,0.16,<0.01,0.75,<0.02,0.18,<0.02,<0.05,<0.02,0.04,0.02,0.1,<0.02,0.02,0.03,0.02,<0.02,<0.02,<0.02,<0.01,<0.01,<0.01,<0.05
1240062,O'Connell River at Caravan Park,29/1/2019 17:11,<0.02,<0.01,0.41,<0.02,0.11,<0.02,<0.1,<0.02,0.03,0.02,0.07,<0.02,<0.01,0.01,<0.02,<0.02,<0.02,<0.02,<0.01,<0.01,<0.01,<0.05
1240062,O'Connell River at Caravan Park,30/1/2019 1:41,0.03,<0.01,0.28,<0.02,0.07,<0.02,<0.1,<0.02,0.02,0.02,0.06,<0.02,<0.01,<0.01,<0.02,<0.02,<0.02,<0.02,<0.01,<0.01,<0.01,<0.05
1240062,O'Connell River at Caravan Park,30/1/2019 6:21,<0.02,<0.01,0.47,<0.02,0.07,<0.02,<0.1,<0.02,0.02,0.02,0.1,<0.02,<0.01,<0.01,<0.02,<0.02,<0.02,<0.02,<0.01,<0.01,<0.01,<0.05
1240062,O'Connell River at Caravan Park,30/1/2019 17:11,0.05,<0.01,0.3,<0.02,0.07,<0.02,<0.05,<0.02,0.02,0.02,0.09,<0.02,<0.01,0.01,<0.02,<0.02,<0.02,<0.02,<0.01,<0.01,<0.01,<0.05
1240062,O'Connell River at Caravan Park,31/1/2019 11:41,0.03,<0.01,0.23,<0.02,0.08,<0.02,<0.05,<0.02,0.02,0.02,0.09,<0.02,<0.01,0.01,<0.02,<0.02,<0.02,<0.02,<0.01,<0.01,<0.01,<0.05
1240062,O'Connell River at Caravan Park,31/1/2019 17:31,<0.02,<0.01,0.34,<0.02,0.1,<0.02,<0.05,<0.02,0.03,0.03,0.12,<0.02,<0.01,0.01,<0.02,<0.02,<0.02,<0.02,<0.01,<0.01,<0.02,<0.05
1240062,O'Connell River at Caravan Park,31/1/2019 21:01,<0.02,<0.01,0.27,<0.02,0.07,<0.02,<0.05,<0.02,0.02,0.02,0.11,<0.02,<0.01,0.02,<0.02,<0.02,<0.02,<0.02,<0.01,<0.01,<0.02,<0.05
1240062,O'Connell River at Caravan Park,1/2/2019 2:11,0.02,<0.01,0.16,<0.02,0.06,<0.02,<0.05,<0.02,0.02,0.01,0.08,<0.02,<0.01,0.01,<0.02,<0.02,<0.02,<0.02,<0.01,<0.01,<0.02,<0.05
1240062,O'Connell River at Caravan Park,1/2/2019 11:01,<0.02,<0.01,0.14,<0.02,0.05,<0.02,<0.05,<0.02,0.02,0.01,0.07,<0.02,<0.01,<0.01,<0.02,<0.02,<0.02,<0.02,<0.01,<0.01,<0.02,<0.05
1240062,O'Connell River at Caravan Park,4/2/2019 3:11,0.04,<0.01,0.12,<0.02,0.09,<0.02,<0.05,<0.02,0.02,0.02,0.07,<0.02,<0.01,<0.01,<0.02,<0.02,<0.02,<0.02,<0.01,0.01,<0.01,<0.05
1240062,O'Connell River at Caravan Park,4/2/2019 15:01,0.03,<0.01,0.2,<0.02,0.07,<0.02,<0.05,<0.02,0.03,0.03,0.12,<0.02,<0.01,<0.01,<0.02,<0.02,<0.02,<0.02,<0.01,<0.01,<0.01,<0.05
1240062,O'Connell River at Caravan Park,4/2/2019 20:01,0.03,<0.01,0.21,<0.02,0.07,<0.02,<0.05,<0.02,0.02,0.03,0.11,<0.02,<0.01,<0.01,<0.02,<0.02,<0.02,<0.02,<0.01,<0.01,<0.01,<0.05
1240062,O'Connell River at Caravan Park,5/2/2019 5:11,<0.02,<0.01,0.12,<0.02,0.04,<0.02,<0.05,<0.02,0.02,0.02,0.09,<0.02,<0.01,<0.01,<0.02,<0.02,<0.02,<0.02,<0.01,<0.01,<0.01,<0.05
1240062,O'Connell River at Caravan Park,5/2/2019 10:11,0.03,<0.01,0.18,<0.02,0.05,<0.02,<0.05,<0.02,0.02,0.02,0.11,<0.02,<0.01,<0.01,<0.02,<0.02,<0.02,<0.02,<0.01,<0.01,<0.01,<0.05
1240062,O'Connell River at Caravan Park,6/2/2019 3:52,<0.02,<0.01,0.09,<0.02,0.03,<0.02,<0.05,<0.02,0.01,0.01,0.07,<0.02,<0.01,<0.01,<0.02,<0.02,<0.02,<0.02,<0.01,<0.01,<0.01,<0.05
1240062,O'Connell River at Caravan Park,7/2/2019 5:51,<0.02,<0.01,0.13,<0.02,0.04,<0.02,<0.05,<0.02,0.02,0.02,0.11,<0.02,<0.01,<0.01,<0.02,<0.02,<0.02,<0.02,<0.01,<0.01,<0.02,<0.05
1240062,O'Connell River at Caravan Park,8/2/2019 14:31,<0.02,<0.01,0.08,<0.02,0.03,<0.02,<0.05,<0.02,0.01,0.01,0.09,<0.02,<0.01,<0.01,<0.02,<0.02,<0.02,<0.02,<0.01,<0.01,<0.02,<0.05
1240062,O'Connell River at Caravan Park,9/2/2019 14:51,<0.02,<0.01,0.07,<0.02,0.04,<0.02,<0.05,<0.02,0.02,0.01,0.07,<0.02,<0.01,<0.01,<0.02,<0.02,<0.02,<0.02,<0.01,<0.01,<0.02,<0.05
1240062,O'Connell River at Caravan Park,19/2/2019 14:00,<0.02,<0.01,<0.02,<0.02,<0.02,<0.02,<0.05,<0.02,<0.01,<0.01,<0.02,<0.02,<0.01,<0.01,<0.02,<0.02,<0.02,<0.02,<0.01,<0.01,<0.02,<0.05
1240062,O'Connell River at Caravan Park,28/2/2019 14:35,<0.02,<0.01,<0.02,<0.02,<0.02,<0.02,<0.05,<0.02,<0.01,<0.01,<0.02,<0.02,<0.01,<0.01,<0.02,<0.02,<0.02,<0.02,<0.01,<0.01,<0.01,<0.05
1240062,O'Connell River at Caravan Park,7/3/2019 15:10,<0.02,<0.01,<0.02,<0.02,<0.02,<0.02,<0.1,<0.02,<0.01,<0.01,<0.02,<0.02,<0.01,<0.01,<0.02,<0.02,<0.02,<0.02,<0.01,<0.01,<0.01,<0.05
1240062,O'Connell River at Caravan Park,14/3/2019 8:38,<0.02,<0.01,<0.02,<0.02,<0.02,<0.02,<0.05,<0.02,<0.01,<0.01,<0.02,<0.02,<0.01,<0.01,<0.02,<0.02,<0.02,<0.02,<0.01,<0.01,<0.02,<0.05
1240062,O'Connell River at Caravan Park,20/3/2019 13:25,<0.02,<0.01,<0.02,<0.02,<0.02,<0.02,<0.05,<0.02,<0.01,<0.01,<0.02,<0.02,<0.01,<0.01,<0.02,<0.02,<0.02,<0.02,<0.01,<0.01,<0.02,<0.05
1240062,O'Connell River at Caravan Park,27/3/2019 14:55,<0.02,<0.01,<0.02,<0.02,<0.02,<0.02,<0.05,<0.02,<0.01,<0.01,<0.02,<0.02,<0.01,<0.01,<0.02,<0.02,<0.02,<0.02,<0.01,<0.01,<0.01,<0.05
1240062,O'Connell River at Caravan Park,3/4/2019 14:40,<0.02,<0.01,<0.02,<0.02,<0.02,<0.02,<0.05,<0.02,<0.01,<0.01,<0.02,<0.02,<0.01,<0.01,<0.02,<0.02,<0.02,<0.02,<0.01,<0.01,<0.01,<0.05
1240062,O'Connell River at Caravan Park,11/4/2019 7:40,<0.02,<0.01,<0.02,<0.02,<0.02,<0.02,<0.05,<0.02,<0.01,<0.01,<0.02,<0.02,<0.01,<0.01,<0.02,<0.02,<0.02,<0.02,<0.01,<0.01,<0.01,<0.05
1240062,O'Connell River at Caravan Park,17/4/2019 13:00,<0.02,<0.01,<0.02,<0.02,<0.02,<0.02,<0.05,<0.02,<0.01,<0.01,<0.02,<0.02,<0.01,<0.01,<0.02,<0.02,<0.02,<0.02,<0.01,<0.01,<0.01,<0.05
1240062,O'Connell River at Caravan Park,23/4/2019 7:22,<0.02,<0.01,<0.02,<0.02,<0.02,<0.02,<0.05,<0.02,<0.01,<0.01,<0.02,<0.02,<0.01,<0.01,<0.02,<0.02,<0.02,<0.02,<0.01,<0.01,<0.01,<0.05
1240062,O'Connell River at Caravan Park,24/4/2019 13:38,0.02,<0.01,<0.02,<0.02,<0.02,<0.02,<0.05,<0.02,0.02,0.01,0.02,<0.02,0.03,<0.01,<0.02,<0.02,<0.02,<0.02,<0.01,<0.01,<0.01,<0.05
1240062,O'Connell River at Caravan Park,24/4/2019 20:24,0.08,<0.01,0.08,<0.02,0.07,<0.02,0.08,<0.02,0.04,0.08,0.09,<0.02,0.04,<0.01,<0.02,<0.02,<0.02,<0.02,<0.01,<0.01,<0.01,<0.05
1240062,O'Connell River at Caravan Park,25/4/2019 2:44,0.08,<0.01,0.31,<0.02,0.04,<0.02,<0.05,<0.02,0.04,0.05,0.09,<0.02,0.03,0.14,<0.02,<0.02,<0.02,<0.02,<0.01,0.03,<0.01,<0.05
1240062,O'Connell River at Caravan Park,26/4/2019 3:25,0.02,<0.01,0.11,<0.02,<0.02,<0.02,<0.05,<0.02,0.02,0.01,0.04,<0.02,<0.01,0.05,<0.02,<0.02,<0.02,<0.02,<0.01,0.01,<0.01,<0.05
1240062,O'Connell River at Caravan Park,27/4/2019 15:25,<0.02,<0.01,0.04,<0.02,<0.02,<0.02,<0.05,<0.02,0.01,0.01,0.02,<0.02,<0.01,0.01,<0.02,<0.02,<0.02,<0.02,<0.01,<0.01,<0.01,<0.05
1240062,O'Connell River at Caravan Park,28/4/2019 3:25,<0.02,<0.01,0.03,<0.02,<0.02,<0.02,<0.05,<0.02,<0.01,<0.01,<0.02,<0.02,<0.01,0.01,<0.02,<0.02,<0.02,<0.02,<0.01,<0.01,<0.01,<0.05
1240062,O'Connell River at Caravan Park,30/4/2019 3:25,<0.02,<0.01,<0.02,<0.02,<0.02,<0.02,<0.05,<0.02,<0.01,<0.01,<0.02,<0.02,<0.01,<0.01,<0.02,<0.02,<0.02,<0.02,<0.01,<0.01,<0.01,<0.05
1240062,O'Connell River at Caravan Park,1/5/2019 12:20,<0.02,<0.01,<0.02,<0.02,<0.02,<0.02,<0.05,<0.02,<0.01,<0.01,<0.02,<0.02,<0.01,<0.01,<0.02,<0.02,<0.02,<0.02,<0.01,<0.01,<0.01,<0.05
1240062,O'Connell River at Caravan Park,19/6/2019 14:25,<0.02,<0.01,<0.02,<0.02,<0.02,<0.02,<0.05,<0.02,<0.01,<0.01,<0.02,<0.02,<0.01,<0.01,<0.02,<0.02,<0.02,<0.02,<0.01,<0.01,<0.01,<0.05
1240062,O'Connell River at Caravan Park,10/7/2019 11:15,<0.02,<0.01,<0.02,<0.05,<0.02,<0.02,<0.05,<0.02,<0.01,<0.01,<0.02,<0.02,<0.02,<0.01,<0.02,<0.02,<0.05,<0.02,<0.01,<0.01,<0.01,<0.05
1240062,O'Connell River at Caravan Park,21/8/2019 15:15,<0.02,<0.01,<0.02,<0.02,<0.02,<0.02,<0.05,<0.02,<0.01,<0.01,<0.02,<0.02,<0.01,<0.01,<0.02,<0.02,<0.02,<0.02,<0.01,<0.01,<0.01,<0.05
1240062,O'Connell River at Caravan Park,25/9/2019 11:40,<0.02,<0.01,<0.02,<0.02,<0.02,<0.02,<0.05,<0.02,0.06,<0.01,<0.02,<0.02,<0.01,<0.01,<0.02,<0.02,<0.02,<0.02,<0.01,<0.01,<0.01,<0.05
1240062,O'Connell River at Caravan Park,28/10/2019 13:30,<0.02,<0.01,<0.02,<0.02,<0.02,<0.02,<0.05,<0.02,0.04,<0.01,<0.02,<0.02,<0.01,<0.01,<0.02,<0.02,<0.02,<0.02,<0.01,<0.01,<0.01,<0.05
1240062,O'Connell River at Caravan Park,7/11/2019 16:00,<0.02,<0.01,0.03,<0.02,<0.02,<0.02,<0.05,<0.02,0.05,<0.01,<0.02,<0.02,<0.01,<0.01,<0.02,<0.02,<0.02,<0.02,<0.01,<0.01,<0.01,<0.05
1240062,O'Connell River at Caravan Park,15/11/2019 14:35,<0.02,<0.01,0.03,<0.02,<0.02,<0.02,<0.05,<0.02,0.07,<0.01,<0.02,<0.02,<0.01,<0.01,<0.02,<0.02,<0.02,<0.02,<0.01,<0.01,<0.01,<0.05
1240062,O'Connell River at Caravan Park,21/11/2019 9:09,<0.02,<0.01,0.03,<0.02,<0.02,<0.02,<0.05,<0.02,0.15,<0.01,<0.02,<0.02,<0.02,<0.01,<0.02,<0.02,<0.05,<0.02,<0.01,<0.01,<0.01,<0.05
1240062,O'Connell River at Caravan Park,28/11/2019 14:43,<0.02,<0.01,<0.02,<0.02,<0.02,<0.02,<0.05,<0.02,0.04,<0.01,<0.02,<0.02,<0.02,<0.01,<0.02,<0.02,<0.05,<0.02,<0.01,<0.01,<0.01,<0.05
1240062,O'Connell River at Caravan Park,6/12/2019 11:10,<0.05,<0.01,<0.02,<0.02,<0.02,<0.02,<0.05,<0.02,0.04,<0.01,<0.02,<0.02,<0.01,<0.01,<0.02,<0.02,<0.02,<0.02,<0.01,<0.01,<0.01,<0.05
1240062,O'Connell River at Caravan Park,12/12/2019 12:12,<0.1,<0.01,<0.02,<0.02,<0.02,<0.02,<0.05,<0.02,0.02,<0.01,<0.02,<0.02,<0.01,<0.01,<0.02,<0.05,<0.02,<0.02,<0.01,<0.01,<0.01,<0.1
1240062,O'Connell River at Caravan Park,17/12/2019 8:30,<0.1,<0.01,<0.02,<0.02,<0.02,<0.02,<0.05,<0.02,0.03,<0.01,<0.02,<0.02,<0.01,<0.01,<0.02,<0.05,<0.02,<0.02,<0.01,<0.01,<0.01,<0.1
1240062,O'Connell River at Caravan Park,23/12/2019 12:46,<0.05,<0.01,<0.02,<0.02,<0.02,<0.02,<0.05,<0.02,0.02,<0.01,<0.02,<0.02,<0.01,<0.01,<0.02,<0.02,<0.02,<0.02,<0.01,<0.01,<0.02,<0.1
1240062,O'Connell River at Caravan Park,29/12/2019 7:10,<0.05,<0.01,0.04,<0.02,0.05,<0.02,<0.05,<0.02,0.19,0.04,0.05,<0.02,<0.01,<0.01,<0.02,<0.02,<0.02,<0.02,<0.01,<0.01,<0.02,<0.1
1240062,O'Connell River at Caravan Park,7/1/2020 13:07,0.15,<0.01,1.1,<0.02,0.97,<0.02,0.12,<0.02,0.72,0.06,0.09,0.04,<0.01,0.15,<0.02,<0.02,<0.02,<0.02,<0.01,<0.01,<0.02,<0.1
1240062,O'Connell River at Caravan Park,8/1/2020 14:02,<0.2,<0.01,1.4,<0.02,0.52,<0.02,<0.05,<0.02,0.36,0.05,0.07,<0.02,<0.02,0.16,<0.02,<0.02,<0.02,<0.02,<0.01,<0.01,<0.01,<0.2
1240062,O'Connell River at Caravan Park,16/1/2020 9:47,<0.2,<0.01,0.6,<0.02,0.1,<0.02,<0.05,<0.02,0.47,0.04,0.03,<0.02,<0.02,0.02,<0.02,<0.02,<0.02,<0.02,<0.01,<0.01,<0.01,<0.2
1240062,O'Connell River at Caravan Park,23/1/2020 14:19,<0.2,<0.01,0.29,<0.02,0.06,<0.02,<0.05,<0.02,0.25,0.01,<0.02,<0.02,<0.05,<0.01,<0.02,<0.02,<0.05,<0.02,<0.01,<0.01,<0.01,<0.2
1240062,O'Connell River at Caravan Park,26/1/2020 7:13,<0.2,<0.01,0.29,<0.02,0.07,<0.02,<0.05,<0.02,0.18,<0.01,<0.02,<0.02,<0.05,0.01,<0.02,<0.02,<0.05,<0.02,<0.01,<0.01,<0.01,<0.2
1240062,O'Connell River at Caravan Park,26/1/2020 12:43,<0.2,<0.01,0.2,<0.02,0.03,<0.02,<0.05,<0.02,0.14,0.01,<0.02,<0.02,<0.05,<0.01,<0.02,<0.02,<0.05,<0.02,<0.01,<0.01,<0.01,<0.2
1240062,O'Connell River at Caravan Park,26/1/2020 16:58,<0.2,<0.01,0.2,<0.02,0.03,<0.02,<0.05,<0.02,0.1,<0.01,<0.02,<0.02,<0.05,0.04,<0.02,<0.02,<0.05,<0.02,<0.01,<0.01,<0.01,<0.2
1240062,O'Connell River at Caravan Park,28/1/2020 12:48,<0.2,<0.01,1.1,<0.02,0.32,<0.02,0.06,<0.02,0.22,0.1,0.21,0.08,<0.05,0.06,0.02,<0.02,<0.05,<0.02,<0.01,0.03,<0.01,<0.2
1240062,O'Connell River at Caravan Park,29/1/2020 2:29,0.06,<0.01,1,<0.02,0.33,<0.02,0.06,<0.02,0.18,0.11,0.25,0.14,0.01,0.08,<0.02,<0.02,<0.02,<0.02,<0.01,0.03,<0.01,<0.05
1240062,O'Connell River at Caravan Park,29/1/2020 7:59,0.03,<0.01,0.63,<0.02,0.21,<0.02,<0.05,<0.02,0.14,0.07,0.16,0.09,0.02,0.07,<0.02,<0.02,<0.02,<0.02,<0.01,0.03,<0.01,<0.05
1240062,O'Connell River at Caravan Park,29/1/2020 13:29,<0.02,<0.01,0.51,<0.02,0.17,<0.02,<0.05,<0.02,0.13,0.07,0.17,0.06,<0.01,0.05,<0.02,<0.02,<0.02,<0.02,<0.01,0.03,<0.01,<0.05
1240062,O'Connell River at Caravan Park,30/1/2020 5:59,0.02,<0.01,0.56,<0.02,0.12,<0.02,<0.05,<0.02,0.1,0.06,0.12,0.07,<0.01,0.03,<0.02,<0.02,<0.02,<0.02,<0.01,0.05,<0.01,0.05
1240062,O'Connell River at Caravan Park,6/2/2020 6:29,<0.02,<0.01,0.06,<0.02,<0.02,<0.02,<0.05,<0.02,0.03,0.01,<0.02,<0.05,<0.02,<0.01,<0.02,<0.02,<0.02,<0.02,<0.01,<0.01,<0.01,<0.2
1240062,O'Connell River at Caravan Park,6/2/2020 11:59,<0.02,<0.01,0.08,<0.02,<0.02,<0.02,<0.05,<0.02,0.04,0.02,0.02,<0.05,<0.02,<0.01,<0.02,<0.02,<0.02,<0.02,<0.01,<0.01,<0.01,<0.2
1240062,O'Connell River at Caravan Park,10/2/2020 6:18,0.35,<0.01,0.36,<0.02,0.22,<0.02,0.05,<0.02,0.15,0.15,0.2,0.05,0.05,0.02,<0.02,<0.02,<0.02,<0.02,<0.01,<0.01,<0.01,<0.2
1240062,O'Connell River at Caravan Park,10/2/2020 11:48,0.32,<0.01,0.3,<0.02,0.18,<0.02,0.07,<0.02,0.15,0.12,0.19,<0.05,0.04,0.02,<0.02,<0.02,<0.02,<0.02,<0.01,0.01,<0.01,<0.2
1240062,O'Connell River at Caravan Park,12/2/2020 13:15,0.1,<0.01,0.61,<0.02,0.06,<0.02,0.06,<0.02,0.07,0.1,0.17,0.13,0.02,0.04,<0.02,<0.02,<0.05,<0.02,<0.01,0.02,<0.01,<0.05
1240062,O'Connell River at Caravan Park,19/2/2020 10:22,0.07,<0.01,0.29,<0.02,0.03,<0.02,<0.05,<0.02,0.06,0.02,0.05,<0.02,<0.01,0.02,<0.02,<0.02,<0.05,<0.02,<0.01,0.02,<0.01,<0.05
1240062,O'Connell River at Caravan Park,23/2/2020 14:18,0.11,<0.01,0.09,<0.02,0.15,<0.02,0.14,<0.02,0.03,0.21,0.13,0.69,0.02,<0.01,<0.02,<0.02,<0.02,<0.02,<0.01,<0.01,<0.01,<0.2
1240062,O'Connell River at Caravan Park,24/2/2020 0:50,0.1,<0.01,0.13,<0.02,0.1,<0.02,<0.05,<0.02,0.05,0.04,0.15,<0.02,0.01,0.01,0.02,<0.02,<0.02,<0.02,<0.01,0.02,<0.01,<0.2
1240062,O'Connell River at Caravan Park,26/2/2020 3:52,<0.05,<0.01,0.04,<0.02,0.05,<0.02,<0.05,<0.02,0.03,0.03,0.06,0.02,<0.02,<0.01,<0.02,<0.02,<0.02,<0.02,<0.01,0.02,<0.01,<0.2
1240062,O'Connell River at Caravan Park,26/2/2020 19:25,<0.05,<0.01,0.06,<0.02,0.06,<0.02,<0.05,<0.02,0.05,0.03,0.12,<0.02,<0.02,0.01,<0.02,<0.02,<0.02,<0.02,<0.01,0.02,<0.01,<0.2
1240062,O'Connell River at Caravan Park,28/2/2020 7:25,<0.05,<0.01,0.04,<0.02,0.05,<0.02,<0.05,<0.02,0.03,0.03,0.11,<0.02,<0.02,<0.01,<0.02,<0.02,<0.02,<0.02,<0.01,0.01,<0.01,<0.2
1240062,O'Connell River at Caravan Park,4/3/2020 9:29,<0.05,<0.01,<0.02,<0.05,<0.02,<0.02,<0.05,<0.02,0.01,<0.01,<0.02,<0.02,<0.02,<0.01,<0.02,<0.02,<0.02,<0.02,<0.01,<0.01,<0.01,<0.1
1240062,O'Connell River at Caravan Park,6/3/2020 23:30,<0.05,<0.01,0.09,<0.05,<0.02,<0.02,<0.05,<0.02,0.02,<0.01,<0.02,<0.02,<0.02,<0.01,<0.02,<0.02,<0.02,<0.02,<0.01,<0.01,<0.01,<0.1
1240062,O'Connell River at Caravan Park,7/3/2020 18:00,<0.05,<0.01,0.04,<0.05,0.05,<0.02,<0.05,<0.02,0.02,<0.01,0.03,<0.02,<0.02,<0.01,<0.02,<0.02,<0.02,<0.02,<0.01,<0.01,<0.01,<0.1
1240062,O'Connell River at Caravan Park,7/3/2020 21:26,0.13,<0.01,0.05,<0.05,0.14,<0.02,<0.05,<0.02,0.04,0.02,0.06,<0.02,<0.02,<0.01,<0.02,<0.02,<0.02,<0.02,<0.01,0.01,<0.01,<0.1
1240062,O'Connell River at Caravan Park,8/3/2020 6:35,0.05,<0.01,0.04,<0.05,0.08,<0.02,<0.05,<0.02,0.03,0.02,0.08,<0.02,<0.02,<0.01,<0.02,<0.02,<0.02,<0.02,<0.01,<0.01,<0.01,<0.1
1240062,O'Connell River at Caravan Park,12/3/2020 14:29,<0.02,<0.01,<0.02,<0.02,<0.02,<0.02,<0.05,<0.02,0.01,<0.01,<0.02,<0.02,<0.01,<0.01,<0.02,<0.02,<0.02,<0.02,<0.01,<0.01,<0.01,<0.05
1240062,O'Connell River at Caravan Park,16/3/2020 10:43,<0.02,<0.01,<0.02,<0.02,<0.02,<0.02,<0.05,<0.02,<0.01,<0.01,<0.02,<0.02,<0.01,<0.01,<0.02,<0.02,<0.02,<0.02,<0.01,<0.01,<0.01,<0.05
1240062,O'Connell River at Caravan Park,23/3/2020 13:40,<0.02,<0.01,<0.02,<0.02,<0.02,<0.02,<0.05,<0.02,<0.01,<0.01,<0.02,<0.02,<0.01,<0.01,<0.02,<0.02,<0.02,<0.02,<0.01,<0.01,<0.01,<0.05
1240062,O'Connell River at Caravan Park,8/4/2020 15:50,<0.02,<0.01,<0.02,<0.02,<0.02,<0.02,<0.05,<0.02,<0.01,<0.01,<0.02,<0.05,<0.01,<0.01,<0.02,<0.02,<0.02,<0.02,<0.01,<0.01,<0.01,<0.05
1240062,O'Connell River at Caravan Park,16/4/2020 14:00,<0.02,<0.01,<0.02,<0.02,<0.02,<0.02,<0.05,<0.02,<0.01,<0.01,<0.02,<0.05,<0.01,<0.01,<0.02,<0.02,<0.02,<0.02,<0.01,<0.01,<0.01,<0.05
1240062,O'Connell River at Caravan Park,23/4/2020 15:55,<0.05,<0.01,<0.02,<0.05,<0.02,<0.02,<0.05,<0.02,<0.01,<0.01,<0.02,<0.02,<0.02,<0.01,<0.02,<0.02,<0.02,<0.02,<0.01,<0.01,<0.01,<0.1
1240062,O'Connell River at Caravan Park,29/4/2020 10:30,<0.05,<0.01,<0.02,<0.05,<0.02,<0.02,<0.05,<0.02,<0.01,<0.01,<0.02,<0.02,<0.02,<0.01,<0.02,<0.02,<0.02,<0.02,<0.01,<0.01,<0.01,<0.1
1240062,O'Connell River at Caravan Park,22/5/2020 14:45,<0.05,<0.01,<0.02,<0.02,<0.02,<0.02,<0.05,<0.02,<0.01,<0.01,<0.02,<0.02,<0.02,<0.01,<0.02,<0.02,<0.02,<0.02,<0.01,<0.01,<0.01,<0.1
1240062,O'Connell River at Caravan Park,25/5/2020 12:03,<0.05,<0.01,0.03,<0.02,<0.02,<0.02,<0.05,<0.02,<0.01,0.02,<0.02,<0.02,<0.02,<0.01,<0.02,<0.02,<0.02,<0.02,<0.01,<0.01,<0.01,<0.1
1240062,O'Connell River at Caravan Park,18/6/2020 11:40,<0.02,<0.01,<0.02,<0.02,<0.02,<0.02,<0.05,<0.02,<0.01,<0.01,<0.02,<0.05,<0.01,<0.01,<0.02,<0.02,<0.02,<0.02,<0.01,<0.01,<0.01,<0.05
1240062,O'Connell River at Caravan Park,17/7/2020 13:15,<0.02,<0.01,<0.02,<0.02,<0.02,<0.02,<0.05,<0.02,<0.01,<0.01,<0.02,<0.02,<0.01,<0.01,<0.02,<0.02,<0.02,<0.02,<0.01,<0.01,<0.01,<0.05
1240062,O'Connell River at Caravan Park,11/9/2020 13:27,<0.05,<0.01,<0.02,<0.02,<0.02,<0.02,<0.05,<0.02,0.02,<0.01,<0.02,<0.02,<0.02,<0.01,<0.02,<0.02,<0.02,<0.02,<0.01,<0.01,<0.01,<0.2
1240062,O'Connell River at Caravan Park,13/11/2020 12:19,0.24,<0.01,12,<0.02,0.03,<0.02,0.56,<0.02,0.08,0.23,0.29,0.57,<0.01,0.11,<0.02,<0.02,<0.02,<0.02,0.04,<0.01,<0.01,<0.2
1240062,O'Connell River at Caravan Park,1/12/2020 14:25,0.22,<0.01,3.6,<0.02,<0.02,<0.02,0.06,<0.02,0.04,<0.01,<0.02,0.16,<0.01,<0.01,<0.02,<0.02,<0.02,<0.02,<0.01,<0.01,<0.01,<0.1
1240062,O'Connell River at Caravan Park,15/12/2020 14:05,0.1,<0.01,0.34,<0.02,<0.02,<0.02,<0.05,<0.05,0.01,<0.01,<0.02,<0.05,<0.01,<0.01,<0.02,<0.02,<0.02,<0.02,<0.01,<0.01,<0.01,<0.1
1240062,O'Connell River at Caravan Park,25/12/2020 12:40,<0.02,<0.01,0.36,<0.02,0.17,<0.02,<0.05,<0.02,0.59,0.09,0.1,0.06,0.02,<0.01,<0.02,<0.02,<0.02,<0.02,<0.01,0.06,<0.01,<0.05
1240062,O'Connell River at Caravan Park,25/12/2020 18:05,0.43,<0.01,0.18,<0.02,1.4,<0.02,0.24,<0.02,0.5,0.07,0.32,0.05,0.02,0.01,<0.02,<0.02,<0.02,<0.02,<0.01,0.07,<0.01,<0.05
1240062,O'Connell River at Caravan Park,26/12/2020 5:05,0.56,<0.01,0.31,<0.02,3,<0.02,0.45,<0.02,0.8,0.1,0.6,0.08,0.05,0.02,<0.02,<0.02,<0.02,<0.02,<0.01,0.05,<0.01,<0.05
1240062,O'Connell River at Caravan Park,26/12/2020 10:40,0.52,<0.01,0.32,<0.02,2.8,<0.02,0.48,<0.02,0.84,0.08,0.58,0.07,0.05,0.02,<0.02,<0.02,<0.02,<0.02,<0.01,0.04,<0.01,<0.05
1240062,O'Connell River at Caravan Park,27/12/2020 9:38,0.36,<0.01,0.42,<0.02,2,<0.02,0.44,<0.02,0.59,0.08,0.44,0.08,0.02,0.01,<0.02,<0.02,<0.02,<0.02,<0.01,0.03,<0.01,<0.05
1240062,O'Connell River at Caravan Park,1/1/2021 4:48,0.07,<0.01,0.33,<0.02,0.66,<0.02,0.18,<0.02,0.4,0.15,0.28,0.11,<0.01,<0.01,<0.02,<0.02,<0.02,<0.02,<0.01,0.02,<0.01,<0.05
1240062,O'Connell River at Caravan Park,1/1/2021 10:20,0.03,<0.01,0.09,<0.02,0.36,<0.02,0.07,<0.02,0.36,0.07,0.12,0.04,<0.01,<0.01,<0.02,<0.02,<0.02,<0.02,<0.01,0.02,<0.01,<0.05
1240062,O'Connell River at Caravan Park,2/1/2021 12:48,<0.02,<0.01,0.07,<0.02,0.2,<0.02,<0.05,<0.02,0.13,0.03,0.07,<0.02,<0.01,<0.01,<0.02,<0.02,<0.02,<0.02,<0.01,0.03,<0.01,<0.05
1240062,O'Connell River at Caravan Park,6/1/2021 12:00,0.16,<0.01,0.14,<0.05,0.23,<0.02,0.06,<0.02,0.16,0.13,0.15,0.05,<0.01,<0.01,<0.02,<0.02,<0.02,<0.02,<0.01,0.14,<0.01,0.13
1240062,O'Connell River at Caravan Park,7/1/2021 9:00,<0.05,<0.01,<0.02,<0.02,<0.02,<0.02,<0.05,<0.02,0.01,0.18,0.03,<0.02,<0.01,<0.01,<0.02,<0.02,<0.02,<0.02,<0.01,<0.01,<0.01,<0.05
1240062,O'Connell River at Caravan Park,7/1/2021 13:05,0.11,<0.01,0.17,<0.02,0.08,<0.02,0.08,<0.02,0.13,0.12,0.34,0.05,<0.01,0.02,<0.02,<0.02,<0.02,<0.02,<0.01,0.06,<0.01,<0.05
1240062,O'Connell River at Caravan Park,8/1/2021 1:05,<0.05,<0.01,<0.02,<0.02,0.12,<0.02,<0.05,<0.02,0.01,0.19,0.07,<0.02,<0.01,0.06,<0.02,<0.02,<0.02,<0.02,<0.01,<0.01,<0.01,<0.05
1240062,O'Connell River at Caravan Park,8/1/2021 7:05,0.11,<0.01,0.08,<0.02,0.1,<0.02,<0.05,<0.02,0.13,0.12,0.37,0.03,<0.01,0.03,<0.02,<0.02,<0.02,<0.02,<0.01,0.06,<0.01,<0.05
1240062,O'Connell River at Caravan Park,8/1/2021 21:40,0.03,<0.01,0.04,<0.02,0.12,<0.02,<0.05,<0.02,0.09,0.07,0.18,<0.02,<0.01,0.01,<0.02,<0.02,<0.05,<0.02,<0.01,0.03,<0.01,<0.05
1240062,O'Connell River at Caravan Park,9/1/2021 8:05,<0.02,<0.01,0.03,<0.02,0.03,<0.02,<0.05,<0.02,0.02,0.15,0.09,0.12,<0.01,0.18,<0.02,<0.02,<0.05,<0.02,<0.01,<0.01,<0.01,<0.05
1240062,O'Connell River at Caravan Park,9/1/2021 11:05,0.03,<0.01,0.07,<0.02,0.08,<0.02,<0.05,<0.02,0.06,0.05,0.23,0.03,<0.01,0.02,<0.02,<0.02,<0.05,<0.02,<0.01,0.01,<0.01,<0.05
1240062,O'Connell River at Caravan Park,10/1/2021 9:45,<0.02,<0.01,<0.02,<0.02,0.09,<0.02,<0.05,<0.02,0.05,0.02,0.09,<0.02,<0.01,<0.01,<0.02,<0.02,<0.05,<0.02,<0.01,<0.01,<0.01,<0.05
1240062,O'Connell River at Caravan Park,10/1/2021 16:50,<0.02,<0.01,<0.02,<0.02,<0.02,<0.02,<0.05,<0.02,0.01,0.09,<0.1,0.12,<0.01,0.2,<0.02,<0.02,<0.02,<0.02,<0.01,<0.01,<0.01,<0.05
1240062,O'Connell River at Caravan Park,10/1/2021 19:35,<0.02,<0.01,<0.02,<0.02,0.02,<0.02,<0.05,<0.02,0.01,0.1,<0.1,0.11,<0.01,0.24,<0.02,<0.02,<0.02,<0.02,<0.01,<0.01,<0.01,<0.05
1240062,O'Connell River at Caravan Park,11/1/2021 5:10,<0.02,<0.01,<0.02,<0.02,0.02,<0.02,<0.05,<0.02,0.02,0.22,<0.1,0.02,<0.01,0.03,<0.02,<0.02,<0.02,<0.02,<0.01,<0.01,<0.01,<0.05
1240062,O'Connell River at Caravan Park,11/1/2021 11:10,<0.02,<0.01,0.03,<0.02,0.04,<0.02,<0.05,<0.02,0.04,0.04,0.2,<0.02,<0.01,0.01,<0.02,<0.02,<0.02,<0.02,<0.01,0.01,<0.01,<0.05
1240062,O'Connell River at Caravan Park,12/1/2021 8:30,<0.02,<0.01,<0.02,<0.02,0.04,<0.02,<0.05,<0.02,0.03,0.02,<0.1,<0.02,<0.01,<0.01,<0.02,<0.02,<0.02,<0.02,<0.01,<0.01,<0.01,<0.05
1240062,O'Connell River at Caravan Park,15/1/2021 13:05,<0.02,<0.01,<0.02,<0.02,0.03,<0.02,<0.05,<0.02,0.03,0.01,<0.1,<0.02,<0.01,<0.01,<0.02,<0.02,<0.02,<0.02,<0.01,<0.01,<0.01,<0.05
1240062,O'Connell River at Caravan Park,25/1/2021 14:20,<0.02,<0.01,<0.02,<0.02,<0.02,<0.02,<0.05,<0.02,0.01,<0.01,<0.02,<0.02,<0.01,<0.01,<0.02,<0.02,<0.05,<0.02,<0.01,<0.01,<0.01,<0.05
1240062,O'Connell River at Caravan Park,11/2/2021 2:28,0.34,<0.01,0.07,<0.02,0.02,<0.02,<0.05,<0.02,0.12,0.05,<0.1,<0.02,<0.01,<0.01,<0.02,0.03,<0.02,<0.02,<0.01,0.02,<0.01,<0.05
1240062,O'Connell River at Caravan Park,11/2/2021 16:40,0.24,<0.01,0.05,<0.02,<0.02,<0.02,<0.05,<0.02,0.11,0.05,<0.1,<0.02,<0.01,<0.01,<0.02,0.04,<0.02,<0.02,<0.01,<0.01,<0.01,<0.05
1240062,O'Connell River at Caravan Park,27/2/2021 16:04,<0.05,<0.01,<0.02,<0.02,<0.05,<0.02,<0.05,<0.02,0.03,<0.01,<0.02,<0.05,<0.01,<0.01,<0.05,<0.02,<0.02,<0.02,<0.01,<0.01,<0.01,<0.05
1240062,O'Connell River at Caravan Park,28/2/2021 4:04,0.37,<0.01,0.06,<0.02,0.13,<0.02,<0.05,<0.02,0.12,0.05,0.04,<0.05,<0.01,<0.01,<0.05,<0.02,<0.02,<0.02,<0.01,<0.01,<0.01,<0.05
1240062,O'Connell River at Caravan Park,28/2/2021 21:22,0.25,<0.01,0.07,<0.05,0.3,<0.02,0.26,<0.02,0.08,0.08,0.04,<0.02,<0.01,<0.01,<0.05,<0.02,<0.05,<0.02,<0.01,<0.01,<0.01,<0.05
1240062,O'Connell River at Caravan Park,1/3/2021 7:06,0.18,<0.01,0.04,<0.05,0.2,<0.02,0.29,<0.02,0.06,0.07,0.04,<0.02,<0.01,<0.01,<0.05,<0.02,<0.05,<0.02,<0.01,0.01,<0.01,<0.05
1240062,O'Connell River at Caravan Park,17/3/2021 16:30,<0.05,<0.01,<0.02,<0.02,<0.05,<0.02,<0.05,<0.02,<0.01,<0.01,<0.02,<0.05,<0.01,<0.01,<0.05,<0.02,<0.02,<0.02,<0.01,<0.01,<0.01,<0.05
1240062,O'Connell River at Caravan Park,19/3/2021 16:27,0.74,<0.01,0.09,<0.02,0.16,<0.02,1.2,<0.02,0.05,0.15,0.04,0.32,0.49,<0.01,<0.05,<0.02,<0.02,<0.02,<0.01,<0.01,<0.01,<0.05
1240062,O'Connell River at Caravan Park,20/3/2021 9:45,0.5,<0.01,0.15,<0.02,0.32,<0.02,0.22,<0.02,0.03,0.09,0.03,<0.05,<0.01,<0.01,<0.05,<0.02,<0.02,<0.02,<0.01,<0.01,<0.01,<0.05
1240062,O'Connell River at Caravan Park,23/3/2021 2:37,<0.05,<0.01,0.02,<0.02,0.07,<0.02,<0.05,<0.02,0.02,0.03,<0.02,<0.05,<0.01,<0.01,<0.05,<0.02,<0.02,<0.02,<0.01,<0.01,<0.01,<0.05
1240062,O'Connell River at Caravan Park,26/3/2021 5:54,<0.05,<0.01,0.09,<0.02,0.32,<0.02,<0.05,<0.02,0.02,0.05,0.05,<0.05,<0.01,<0.01,<0.05,<0.02,<0.02,<0.02,<0.01,<0.01,<0.01,<0.05
1240062,O'Connell River at Caravan Park,16/4/2021 7:20,<0.05,<0.01,<0.02,<0.02,<0.05,<0.02,<0.05,<0.02,<0.01,<0.01,<0.02,<0.05,<0.01,<0.01,<0.05,<0.02,<0.02,<0.02,<0.01,<0.01,<0.01,<0.05
1240062,O'Connell River at Caravan Park,4/5/2021 12:05,<0.05,<0.01,<0.02,<0.02,<0.02,<0.02,<0.05,<0.02,<0.01,<0.01,<0.02,<0.05,<0.01,<0.01,<0.02,<0.02,<0.02,<0.02,<0.01,<0.01,<0.01,<0.1
1240062,O'Connell River at Caravan Park,16/6/2021 10:20,<0.02,<0.01,<0.02,<0.02,<0.02,<0.02,<0.05,<0.02,<0.01,<0.01,<0.02,<0.05,<0.02,<0.01,<0.02,<0.05,<0.02,<0.02,<0.01,<0.01,<0.01,<0.05
1240062,O'Connell River at Caravan Park,7/7/2021 16:05,<0.02,<0.01,<0.02,<0.02,<0.02,<0.02,<0.05,<0.02,<0.01,<0.01,<0.02,<0.1,<0.01,<0.01,<0.02,<0.05,<0.02,<0.02,<0.01,<0.01,<0.01,<0.05
1240062,O'Connell River at Caravan Park,22/11/2021 7:32,0.1,<0.01,0.09,<0.02,0.29,<0.02,0.07,<0.02,0.19,0.04,0.03,<0.05,<0.01,<0.01,<0.02,<0.02,<0.02,<0.02,<0.01,0.01,<0.01,<0.05
1240062,O'Connell River at Caravan Park,29/11/2021 8:38,0.42,<0.01,0.18,<0.02,0.28,<0.02,0.09,<0.02,0.18,0.14,0.2,<0.02,0.22,0.02,<0.02,<0.02,<0.02,<0.02,<0.01,<0.01,<0.01,<0.05
1240062,O'Connell River at Caravan Park,12/12/2021 21:40,0.95,<0.01,0.32,<0.02,0.3,<0.02,<0.05,<0.02,0.2,0.06,0.17,<0.02,0.01,0.09,<0.02,<0.02,<0.02,<0.02,<0.01,0.02,<0.01,0.32
1240062,O'Connell River at Caravan Park,13/12/2021 3:10,0.56,<0.01,0.07,<0.02,0.19,<0.02,0.1,<0.02,0.09,0.04,0.1,<0.02,0.14,0.03,<0.02,<0.02,<0.02,<0.02,<0.01,<0.01,<0.01,0.12
1240062,O'Connell River at Caravan Park,13/12/2021 12:10,0.65,<0.01,0.11,<0.02,0.39,<0.02,0.09,<0.02,0.11,0.06,0.17,<0.02,0.26,0.05,<0.02,<0.02,<0.02,<0.02,<0.01,<0.01,<0.01,0.08
1240062,O'Connell River at Caravan Park,30/12/2021 8:49,0.52,<0.01,2,<0.02,0.23,<0.02,<0.05,<0.02,0.53,0.51,0.46,0.2,0.04,0.02,<0.02,<0.02,<0.02,<0.02,<0.01,0.01,0.01,<0.1
1240062,O'Connell River at Caravan Park,31/12/2021 11:20,0.22,<0.01,2,<0.02,0.39,<0.02,0.09,<0.02,0.83,0.45,0.57,<0.1,0.03,0.03,<0.02,<0.02,<0.02,<0.02,<0.01,0.04,0.03,<0.1
1240062,O'Connell River at Caravan Park,5/1/2022 8:08,<0.02,<0.01,0.51,<0.02,0.09,<0.02,<0.05,<0.02,0.34,0.11,0.06,0.04,<0.01,<0.01,<0.02,<0.02,<0.02,<0.02,<0.01,0.02,<0.01,<0.05
1240062,O'Connell River at Caravan Park,20/1/2022 7:40,<0.02,<0.01,0.09,<0.02,<0.02,<0.02,<0.05,<0.02,0.11,0.02,<0.02,<0.02,<0.01,<0.01,<0.02,<0.02,<0.02,<0.02,<0.01,<0.01,<0.01,<0.05
1240062,O'Connell River at Caravan Park,3/2/2022 7:44,<0.02,<0.01,0.04,<0.02,0.02,<0.02,<0.05,<0.02,0.05,0.02,0.02,<0.02,<0.01,<0.01,<0.02,<0.02,<0.02,<0.02,<0.01,0.02,<0.01,<0.05
1240062,O'Connell River at Caravan Park,4/2/2022 9:10,0.06,<0.01,<0.02,<0.02,0.03,<0.02,<0.05,<0.02,0.01,<0.01,0.03,<0.02,<0.01,<0.01,<0.02,<0.02,<0.02,<0.02,<0.01,0.05,<0.01,<0.05
1240062,O'Connell River at Caravan Park,4/2/2022 15:09,0.04,<0.01,0.06,<0.02,0.03,<0.02,<0.05,0.02,0.02,0.02,0.02,<0.02,<0.01,<0.01,<0.02,<0.02,<0.02,<0.02,<0.01,0.02,<0.01,<0.05
1240062,O'Connell River at Caravan Park,5/2/2022 2:09,0.82,<0.01,0.08,<0.02,0.06,<0.02,0.14,0.02,0.09,0.09,0.04,<0.02,0.28,<0.01,<0.02,<0.02,<0.02,<0.02,<0.01,0.02,<0.01,<0.05
1240062,O'Connell River at Caravan Park,5/2/2022 13:09,0.59,<0.01,0.07,<0.02,0.08,<0.02,0.08,<0.02,0.11,0.07,0.05,<0.02,0.23,0.01,<0.02,<0.02,<0.02,<0.02,<0.01,0.01,0.01,<0.05
1240062,O'Connell River at Caravan Park,16/2/2022 11:49,0.2,<0.01,0.21,<0.02,0.08,<0.02,0.13,0.07,0.12,0.36,0.06,0.05,0.03,<0.01,<0.02,0.02,<0.02,<0.02,<0.01,<0.01,0.03,0.09
1240062,O'Connell River at Caravan Park,17/2/2022 11:12,0.22,<0.01,0.17,<0.02,0.1,<0.02,0.06,0.08,0.12,0.36,0.06,0.03,0.01,<0.01,<0.02,<0.02,<0.02,<0.02,<0.01,<0.01,0.02,0.08
1240062,O'Connell River at Caravan Park,10/3/2022 13:35,0.24,<0.01,0.08,<0.02,0.07,<0.02,<0.05,<0.02,0.2,0.06,0.04,<0.02,0.05,0.01,<0.02,<0.02,<0.02,<0.02,<0.01,<0.01,<0.01,<0.2
1240062,O'Connell River at Caravan Park,12/3/2022 20:30,0.08,<0.01,0.08,<0.02,0.04,<0.02,<0.05,<0.02,0.07,0.12,0.06,<0.02,0.01,<0.01,<0.02,<0.02,<0.02,<0.02,<0.01,0.02,<0.01,<0.2
1240062,O'Connell River at Caravan Park,13/3/2022 7:30,0.25,<0.01,0.07,<0.02,0.08,<0.02,<0.05,<0.02,0.1,0.1,0.09,<0.02,0.06,<0.01,<0.02,<0.02,<0.02,<0.02,<0.01,0.02,<0.01,<0.2
1240062,O'Connell River at Caravan Park,14/3/2022 8:28,0.11,<0.01,0.06,<0.02,0.05,<0.02,<0.05,<0.02,0.12,0.08,0.06,<0.02,0.01,<0.01,<0.02,<0.02,<0.02,<0.02,<0.01,0.01,<0.01,<0.2
1240062,O'Connell River at Caravan Park,29/3/2022 15:38,<0.02,<0.01,<0.02,<0.02,<0.02,<0.02,<0.05,<0.02,0.04,0.01,<0.02,<0.05,<0.01,<0.01,<0.02,<0.02,<0.02,<0.02,<0.01,<0.01,<0.01,<0.05
1240062,O'Connell River at Caravan Park,21/4/2022 8:11,<0.05,<0.01,<0.02,<0.02,<0.02,<0.02,<0.05,<0.02,0.03,<0.01,<0.02,<0.05,<0.01,<0.01,<0.02,<0.02,<0.02,<0.02,<0.01,0.06,<0.01,<0.1
1240062,O'Connell River at Caravan Park,25/4/2022 19:15,<0.02,<0.01,0.03,<0.02,<0.02,<0.02,0.2,<0.02,0.06,0.39,0.08,0.04,<0.01,0.76,<0.02,<0.02,<0.02,<0.02,<0.01,<0.01,<0.01,<0.1
1240062,O'Connell River at Caravan Park,26/4/2022 1:20,0.04,<0.01,0.05,<0.02,<0.02,<0.02,0.13,<0.02,0.06,0.37,0.1,0.04,<0.01,0.46,<0.02,<0.02,<0.02,<0.02,<0.01,<0.01,<0.01,<0.1
1240062,O'Connell River at Caravan Park,27/4/2022 7:20,<0.02,<0.01,0.03,<0.02,0.02,<0.02,<0.05,<0.02,0.03,0.08,0.03,<0.02,<0.01,0.05,<0.02,<0.02,<0.02,<0.02,<0.01,<0.01,<0.01,<0.1
1240062,O'Connell River at Caravan Park,11/5/2022 6:08,<0.02,<0.01,<0.02,<0.02,<0.02,<0.02,<0.05,<0.02,0.01,0.01,<0.02,<0.1,<0.01,<0.01,<0.02,<0.02,<0.02,<0.02,<0.01,<0.01,<0.01,<0.05
1240062,O'Connell River at Caravan Park,12/5/2022 3:30,0.05,<0.01,<0.02,<0.02,<0.02,<0.02,<0.05,<0.02,0.04,0.03,0.02,<0.1,0.01,<0.01,<0.02,<0.02,<0.02,<0.02,0.01,0.02,<0.01,<0.05
1240062,O'Connell River at Caravan Park,13/5/2022 14:14,0.02,<0.01,<0.02,<0.02,0.02,<0.02,<0.05,<0.02,0.04,0.02,<0.02,<0.1,0.02,<0.01,<0.02,<0.02,<0.02,<0.02,<0.01,0.01,<0.01,<0.05
1240062,O'Connell River at Caravan Park,14/5/2022 5:35,0.03,<0.01,<0.02,<0.02,<0.02,<0.02,<0.05,<0.02,0.03,0.01,<0.02,<0.1,0.01,<0.01,<0.02,<0.02,<0.02,<0.02,0.03,<0.01,<0.01,<0.05
1240062,O'Connell River at Caravan Park,16/5/2022 6:19,<0.02,<0.01,<0.02,<0.02,<0.02,<0.02,<0.05,<0.02,0.01,0.01,<0.02,<0.05,<0.01,<0.01,<0.02,<0.02,<0.02,<0.02,<0.01,0.01,<0.01,<0.05
1240062,O'Connell River at Caravan Park,17/5/2022 6:19,0.02,<0.01,<0.02,<0.02,<0.02,<0.02,<0.05,<0.02,0.02,0.01,<0.02,<0.05,<0.01,<0.01,<0.02,<0.02,<0.02,<0.02,<0.01,<0.01,<0.01,<0.05
1240062,O'Connell River at Caravan Park,20/5/2022 13:44,<0.02,<0.01,0.03,<0.02,<0.02,<0.02,<0.05,<0.02,0.02,0.01,<0.02,<0.05,<0.01,<0.01,<0.02,<0.02,0.02,<0.02,<0.01,<0.01,<0.01,<0.05
1240062,O'Connell River at Caravan Park,10/6/2022 13:00,<0.02,<0.01,<0.02,<0.02,<0.02,<0.02,<0.05,<0.02,<0.01,<0.01,<0.02,<0.02,<0.01,<0.01,<0.02,<0.02,<0.02,<0.02,<0.01,<0.01,<0.01,<0.05
1240062,O'Connell River at Caravan Park,5/7/2022 2:10,0.08,<0.01,<0.02,<0.02,<0.02,<0.02,0.7,<0.02,0.11,0.08,0.02,0.08,0.1,0.12,<0.02,<0.02,<0.02,<0.02,<0.01,<0.01,<0.01,0.05
1240062,O'Connell River at Caravan Park,5/7/2022 14:10,0.11,<0.01,0.08,<0.02,0.07,<0.02,0.15,<0.02,0.06,0.03,<0.02,<0.02,0.05,0.19,<0.02,<0.02,<0.02,<0.02,<0.01,0.03,<0.01,0.09
1240062,O'Connell River at Caravan Park,6/7/2022 2:10,0.07,<0.01,0.08,<0.02,0.04,<0.02,0.11,<0.02,0.04,0.02,<0.02,<0.02,0.04,0.25,<0.02,<0.02,<0.02,<0.02,<0.01,0.03,<0.01,<0.05
1240062,O'Connell River at Caravan Park,12/7/2022 15:10,<0.02,<0.01,0.1,<0.02,<0.02,<0.02,<0.05,<0.02,0.02,<0.01,<0.02,<0.02,<0.01,0.07,<0.02,<0.02,<0.02,<0.02,<0.01,<0.01,<0.01,<0.05
1240062,O'Connell River at Caravan Park,5/8/2022 9:59,<0.02,<0.01,<0.02,<0.02,<0.02,<0.02,<0.1,<0.02,<0.01,<0.01,<0.02,<0.2,<0.01,<0.01,<0.02,<0.02,<0.02,<0.02,<0.01,<0.01,<0.01,<0.05
1240062,O'Connell River at Caravan Park,5/9/2022 12:29,<0.02,<0.01,<0.02,<0.02,<0.02,<0.01,<0.07,<0.02,<0.01,<0.01,<0.02,<0.07,<0.02,<0.01,<0.02,<0.02,<0.02,<0.01,<0.02,<0.02,<0.01,<0.07
1240062,O'Connell River at Caravan Park,5/10/2022 14:06,<0.05,<0.01,0.14,<0.02,<0.02,<0.01,<0.07,<0.02,0.01,<0.01,<0.02,<0.07,<0.02,<0.01,<0.02,<0.02,<0.02,<0.01,<0.02,<0.02,<0.01,<0.07
1240062,O'Connell River at Caravan Park,8/11/2022 15:35,<0.05,<0.01,0.76,<0.02,0.04,<0.01,<0.07,<0.02,0.12,<0.01,0.04,0.12,<0.02,0.03,<0.02,<0.02,<0.02,<0.01,<0.02,<0.02,0.16,<0.2
1240062,O'Connell River at Caravan Park,21/11/2022 15:36,<0.02,<0.01,0.38,<0.02,0.02,<0.05,<0.07,<0.05,0.08,<0.01,<0.02,<0.07,<0.02,<0.01,<0.02,<0.02,<0.05,<0.01,<0.02,<0.02,0.07,<0.07
1240062,O'Connell River at Caravan Park,24/11/2022 4:50,<0.05,<0.01,0.16,<0.02,0.03,<0.01,<0.07,<0.05,0.04,<0.01,0.24,<0.07,<0.02,<0.01,<0.02,<0.02,<0.02,<0.01,<0.02,<0.02,<0.01,<0.2
1240062,O'Connell River at Caravan Park,24/11/2022 13:05,0.08,<0.01,0.3,<0.02,0.16,<0.01,<0.07,<0.05,0.29,0.05,0.95,0.14,<0.02,0.02,0.08,<0.02,<0.02,<0.01,<0.02,0.02,0.03,<0.2
1240062,O'Connell River at Caravan Park,25/11/2022 5:35,0.1,<0.01,0.19,<0.02,0.24,<0.01,<0.07,<0.05,0.5,0.09,0.4,0.1,<0.02,0.04,0.03,<0.02,<0.02,<0.01,<0.02,0.1,0.12,<0.2
1240062,O'Connell River at Caravan Park,25/11/2022 14:04,0.18,<0.01,0.43,<0.02,0.32,<0.01,0.08,<0.05,0.57,0.1,0.49,0.14,<0.02,0.06,<0.02,<0.02,<0.02,<0.01,<0.02,0.07,0.12,<0.2
1240062,O'Connell River at Caravan Park,29/11/2022 15:07,0.03,<0.01,0.19,<0.02,0.31,<0.01,<0.07,<0.02,0.42,0.05,0.25,0.09,<0.02,0.02,<0.02,<0.02,<0.02,<0.01,<0.02,0.02,0.05,<0.07
1240062,O'Connell River at Caravan Park,30/11/2022 20:06,0.12,<0.01,0.06,<0.02,0.37,<0.01,<0.07,<0.02,0.49,0.03,0.19,0.09,<0.02,0.01,0.07,<0.02,<0.02,<0.01,<0.02,<0.02,0.25,<0.07
1240062,O'Connell River at Caravan Park,1/12/2022 10:25,0.11,<0.01,0.25,<0.02,0.21,<0.01,0.24,<0.02,0.4,0.1,0.47,0.15,<0.02,0.04,0.09,<0.02,<0.02,<0.01,<0.02,0.16,0.1,<0.07
1240062,O'Connell River at Caravan Park,5/12/2022 15:17,<0.02,<0.01,0.08,<0.02,0.31,<0.01,<0.07,<0.02,0.33,0.04,0.19,<0.07,<0.02,0.02,<0.02,<0.02,<0.02,<0.01,<0.02,0.03,0.03,<0.07
1240062,O'Connell River at Caravan Park,10/1/2023 8:28,<0.02,<0.01,0.02,<0.05,0.03,<0.01,<0.07,<0.02,0.14,0.02,<0.02,<0.07,<0.02,<0.01,<0.02,<0.02,<0.02,<0.01,<0.02,<0.02,<0.01,<0.07
1240062,O'Connell River at Caravan Park,13/1/2023 21:30,6.3,<0.01,2.2,<0.05,0.17,<0.01,0.25,<0.02,0.17,0.14,0.83,0.11,0.03,0.06,<0.02,<0.02,<0.05,<0.01,<0.02,<0.02,0.02,0.14
1240062,O'Connell River at Caravan Park,14/1/2023 3:52,0.43,<0.01,0.47,<0.05,0.1,<0.01,<0.07,<0.02,0.08,0.04,0.33,<0.07,<0.02,0.02,<0.02,<0.02,<0.05,<0.01,<0.02,<0.02,<0.01,<0.07
1240062,O'Connell River at Caravan Park,15/1/2023 0:20,0.82,<0.01,0.99,<0.05,0.05,<0.01,<0.07,<0.02,0.06,0.04,1.3,<0.07,<0.02,0.05,<0.02,<0.02,<0.05,<0.01,<0.02,<0.02,<0.01,<0.07
1240062,O'Connell River at Caravan Park,15/1/2023 4:45,0.25,<0.01,0.56,<0.05,0.05,<0.01,<0.07,<0.02,0.06,0.03,0.6,<0.07,<0.02,0.02,<0.02,<0.02,<0.05,<0.01,<0.02,<0.02,<0.01,<0.07
1240062,O'Connell River at Caravan Park,16/1/2023 2:23,0.16,<0.01,0.28,<0.02,0.03,<0.01,<0.07,<0.02,0.03,0.02,0.36,<0.07,<0.02,0.02,<0.02,<0.02,<0.05,<0.01,<0.02,<0.02,<0.01,<0.07
1240062,O'Connell River at Caravan Park,16/1/2023 13:40,0.12,<0.01,0.13,<0.05,0.03,<0.01,<0.07,<0.02,0.02,0.02,0.23,<0.07,<0.02,0.01,<0.02,<0.02,<0.02,<0.01,<0.02,<0.02,<0.01,<0.07
1240062,O'Connell River at Caravan Park,17/1/2023 3:22,<0.02,<0.01,0.04,<0.05,0.03,<0.01,<0.07,<0.02,0.02,<0.01,0.07,<0.07,<0.02,<0.01,<0.02,<0.02,<0.02,<0.01,<0.02,<0.02,<0.01,<0.07
1240062,O'Connell River at Caravan Park,18/1/2023 9:30,<0.02,<0.01,0.06,<0.05,0.03,<0.01,<0.07,<0.02,0.02,0.01,0.1,<0.07,<0.02,<0.01,<0.02,<0.02,<0.02,<0.01,<0.02,<0.02,<0.01,<0.07
1240062,O'Connell River at Caravan Park,20/1/2023 9:43,<0.02,<0.01,0.02,<0.05,<0.02,<0.01,<0.07,<0.02,0.01,<0.01,0.02,<0.07,<0.02,<0.01,<0.02,<0.02,<0.02,<0.01,<0.02,<0.02,<0.01,<0.07
1240062,O'Connell River at Caravan Park,21/1/2023 9:43,<0.02,<0.01,0.02,<0.05,<0.02,<0.01,<0.07,<0.02,0.01,<0.01,<0.02,<0.07,<0.02,<0.01,<0.02,<0.02,<0.02,<0.01,<0.02,<0.02,<0.01,<0.07
1240062,O'Connell River at Caravan Park,25/1/2023 9:14,<0.02,<0.01,<0.02,<0.05,<0.02,<0.01,<0.07,<0.02,<0.01,<0.01,<0.02,<0.07,<0.02,<0.01,<0.02,<0.02,<0.02,<0.01,<0.02,<0.02,<0.01,<0.07
1240062,O'Connell River at Caravan Park,28/1/2023 1:10,0.14,<0.01,0.56,<0.02,<0.02,<0.01,<0.07,<0.02,<0.01,<0.01,0.61,<0.07,<0.02,0.02,<0.02,<0.02,<0.02,<0.01,<0.02,<0.02,<0.01,<0.07
1240062,O'Connell River at Caravan Park,28/1/2023 3:42,0.49,<0.01,1.2,<0.02,0.03,<0.01,0.23,<0.02,0.21,0.06,0.2,<0.07,<0.02,0.01,<0.02,<0.02,<0.02,<0.01,<0.02,<0.02,<0.01,<0.07
1240062,O'Connell River at Caravan Park,28/1/2023 7:55,0.69,<0.01,1.9,<0.02,<0.02,<0.01,0.24,<0.02,0.04,0.02,0.08,<0.07,<0.02,<0.01,<0.02,0.02,<0.02,<0.01,<0.02,<0.02,<0.01,0.11
1240062,O'Connell River at Caravan Park,28/1/2023 16:02,0.2,<0.01,0.4,<0.02,0.02,<0.01,<0.07,<0.02,0.02,0.01,0.06,<0.07,<0.02,<0.01,<0.02,<0.02,<0.02,<0.01,<0.02,<0.02,<0.01,<0.07
1240062,O'Connell River at Caravan Park,29/1/2023 4:02,0.17,<0.01,0.27,<0.02,0.02,<0.01,<0.07,<0.02,0.02,0.01,0.04,<0.07,<0.02,<0.01,<0.02,<0.02,0.02,<0.01,<0.02,<0.02,<0.01,<0.07
1240062,O'Connell River at Caravan Park,29/1/2023 16:02,0.13,<0.01,0.14,<0.02,0.02,<0.01,<0.07,<0.02,0.03,0.01,0.04,<0.07,<0.02,<0.01,<0.02,<0.02,<0.02,<0.01,<0.02,<0.02,<0.01,<0.07
1240062,O'Connell River at Caravan Park,4/2/2023 10:20,0.08,<0.01,0.18,<0.02,0.03,<0.01,<0.07,<0.02,0.03,0.03,0.05,<0.07,<0.02,<0.01,<0.02,<0.02,<0.02,<0.01,<0.02,<0.02,<0.01,0.1
1240062,O'Connell River at Caravan Park,5/2/2023 10:20,0.11,<0.01,0.08,<0.02,0.02,<0.01,<0.07,<0.02,0.02,0.02,0.05,<0.07,<0.02,<0.01,<0.02,<0.02,<0.02,<0.01,<0.02,<0.02,<0.01,<0.07
1240062,O'Connell River at Caravan Park,6/2/2023 10:20,0.07,<0.01,0.1,<0.02,<0.02,<0.01,<0.07,<0.02,0.02,0.02,0.05,<0.07,<0.02,<0.01,<0.02,<0.02,<0.02,<0.01,<0.02,<0.02,<0.01,<0.07
1240062,O'Connell River at Caravan Park,10/2/2023 9:25,<0.02,<0.01,0.03,<0.02,<0.02,<0.01,<0.07,<0.02,0.01,<0.01,<0.02,<0.07,<0.02,<0.01,<0.02,<0.02,<0.02,<0.01,<0.02,<0.02,<0.01,<0.07
1240062,O'Connell River at Caravan Park,24/2/2023 12:14,<0.02,<0.01,<0.02,<0.02,<0.02,<0.01,<0.07,<0.02,0.03,0.01,<0.02,<0.07,<0.02,<0.01,<0.02,<0.02,<0.02,<0.01,<0.02,<0.02,<0.01,<0.07
1240062,O'Connell River at Caravan Park,7/3/2023 7:32,<0.05,<0.01,<0.02,<0.02,<0.02,<0.01,<0.07,<0.02,<0.01,<0.01,<0.02,<0.07,<0.02,<0.01,<0.02,<0.02,<0.02,<0.01,<0.02,<0.02,<0.01,<0.2
1240062,O'Connell River at Caravan Park,24/3/2023 8:34,<0.05,<0.01,<0.02,<0.02,<0.02,<0.01,<0.07,<0.02,0.02,<0.01,<0.02,<0.07,<0.02,<0.01,<0.02,<0.02,<0.02,<0.01,<0.02,<0.02,<0.01,<0.07
1240062,O'Connell River at Caravan Park,4/4/2023 14:40,<0.02,<0.01,<0.02,<0.02,<0.02,<0.01,<0.07,<0.02,<0.01,<0.01,<0.02,<0.07,<0.02,<0.01,<0.02,<0.02,<0.02,<0.01,<0.02,<0.02,<0.01,<0.07
1240062,O'Connell River at Caravan Park,18/4/2023 15:26,<0.02,<0.01,<0.02,<0.02,<0.02,<0.01,<0.07,<0.02,<0.01,<0.01,<0.02,<0.07,<0.02,<0.01,<0.02,<0.02,<0.02,<0.01,<0.02,<0.02,<0.01,<0.07
1240062,O'Connell River at Caravan Park,4/5/2023 15:19,<0.05,<0.01,<0.02,<0.02,<0.02,<0.01,<0.07,<0.02,<0.01,<0.01,<0.02,<0.07,<0.02,<0.01,<0.02,<0.02,<0.02,<0.01,<0.02,<0.02,<0.01,<0.07
1240062,O'Connell River at Caravan Park,12/6/2023 14:06,<0.05,<0.01,<0.02,<0.02,<0.02,<0.01,<0.07,<0.02,0.01,<0.01,<0.02,<0.07,<0.02,0.02,<0.02,<0.02,<0.02,<0.01,<0.02,<0.02,<0.01,<0.07
