"STATION","SITENAME","Sampling.Year","DATE.TIME.SAMPLED","Chlorpyrifos","Fipronil","Imidacloprid","Haloxyfop","Imazapic","Metsulfuron","Pendimethalin","Metolachlor","'2,4-D'","MCPA","Fluroxypyr","Triclopyr","Isoxaflutole","Ametryn","Atrazine","Prometryn","Terbuthylazine","Tebuthiuron","Simazine","Diuron","Hexazinone","Metribuzin"
"130504B","Comet River at Comet Weir","2011-2012",2011-11-22 09:00:00,"","","","","","","","0.00000000001","","","","","","0.00000000001","0.06","0.00000000001","","0.03","0.00000000001","0.01","0.00000000001",""
"130504B","Comet River at Comet Weir","2011-2012",2011-12-05 16:00:00,"","","","","","","","0.00000000001","","","","","","0.00000000001","7.68738e-06","0.00000000001","","0.00012641533","0.00000000001","0.01","0.02",""
"130504B","Comet River at Comet Weir","2011-2012",2011-12-12 09:30:00,"","","","","","","","0.00000000001","","","","","","0.00000000001","7.68738e-06","0.00000000001","","0.05","0.00000000001","1.97592e-06","0.02",""
"130504B","Comet River at Comet Weir","2011-2012",2011-12-13 09:30:00,"","","","","","","","0.02","","","","","","0.00000000001","0.02","0.00000000001","","0.00012641533","0.06","1.97592e-06","4.380853e-05",""
"130504B","Comet River at Comet Weir","2011-2012",2011-12-15 09:30:00,"","","","","","","","0.06","","","","","","0.00000000001","0.11","0.00000000001","","0.05","0.04","1.97592e-06","4.380853e-05",""
"130504B","Comet River at Comet Weir","2011-2012",2011-12-16 11:00:00,"","","","","","","","0.03","","","","","","0.00000000001","0.47","0.00000000001","","0.03","0.02","1.97592e-06","4.380853e-05",""
"130504B","Comet River at Comet Weir","2011-2012",2012-02-01 15:00:00,"","","1.36913e-06","","","","","0.55","","","","","","0.00000000001","0.38","0.00000000001","","0.056","0.017","0.011","4.380853e-05",""
"130504B","Comet River at Comet Weir","2011-2012",2012-02-06 12:00:00,"","","1.36913e-06","","","","","0.052","","","","","","0.00000000001","0.035","0.00000000001","","0.32","0.00051769031","1.97592e-06","4.380853e-05",""
"130504B","Comet River at Comet Weir","2011-2012",2012-02-14 09:30:00,"","","1.36913e-06","","","","","0.063","","","","","","0.00000000001","0.44","0.00000000001","","0.15","0.00051769031","1.97592e-06","0.02",""
"130504B","Comet River at Comet Weir","2011-2012",2012-02-24 16:15:00,"","","1.36913e-06","","","","","0.024","","","","","","0.00000000001","0.11","0.00000000001","","0.055","0.00051769031","1.97592e-06","0.017",""
"130504B","Comet River at Comet Weir","2011-2012",2012-02-28 09:45:00,"","","1.36913e-06","","","","","0.18","","","","","","0.00000000001","2.4","0.00000000001","","0.017","0.017","1.97592e-06","4.380853e-05",""
"130504B","Comet River at Comet Weir","2011-2012",2012-03-23 09:55:00,"","","1.36913e-06","","","","","0.083","","","","","","0.00000000001","0.13","0.00000000001","","0.014","0.012","1.97592e-06","4.380853e-05",""
"130504B","Comet River at Comet Weir","2011-2012",2012-03-26 13:15:00,"","","1.36913e-06","","","","","0.091","","","","","","0.00000000001","0.023","0.00000000001","","0.021","0.043","1.97592e-06","4.380853e-05",""
"130504B","Comet River at Comet Weir","2011-2012",2012-03-29 10:00:00,"","","1.36913e-06","","","","","0.028","","","","","","0.00000000001","0.019","0.00000000001","","0.011","0.011","1.97592e-06","0.013",""
"130504B","Comet River at Comet Weir","2012-2013",2013-01-29 09:30:00,"","","0.00000000001","0.00000000001","","0.00000000001","","0.00000000001","0.00000000001","0.00000000001","","0.00000000001","0.00000000001","0.00000000001","0.00000000001","0.00000000001","0.00000000001","0.00000000001","0.00000000001","0.00000000001","0.00000000001",""
"130504B","Comet River at Comet Weir","2012-2013",2013-01-30 08:45:00,"","","0.00000000001","0.00000000001","","0.00000000001","","0.11","0.02","0.00000000001","","0.00000000001","0.00000000001","0.00000000001","0.56","0.00000000001","0.00000000001","0.00000000001","0.01","0.00000000001","0.00000000001",""
"130504B","Comet River at Comet Weir","2012-2013",2013-01-31 08:45:00,"","","0.00000000001","0.01","","0.00000000001","","0.69","0.02","0.00000000001","","0.00000000001","0.00000000001","0.00000000001","0.91","0.00000000001","0.00000000001","0.06","0.02","0.00000000001","0.00000000001",""
"130504B","Comet River at Comet Weir","2012-2013",2013-02-01 08:45:00,"","","0.00000000001","0.01","","0.00000000001","","0.21","0.03","0.00000000001","","0.00000000001","0.00000000001","0.00000000001","0.53","0.00000000001","0.00000000001","0.00012641533","0.02","0.00000000001","0.00000000001",""
"130504B","Comet River at Comet Weir","2012-2013",2013-03-05 14:15:00,"","","0.00000000001","0.01","","0.00000000001","","0.28","8.930644e-05","0.00000000001","","0.00000000001","0.00000000001","0.00000000001","0.42","0.00000000001","0.00000000001","0.00012641533","0.01","0.00000000001","0.00000000001",""
"130504B","Comet River at Comet Weir","2012-2013",2013-03-06 11:45:00,"","","0.00000000001","0.01","","0.00000000001","","1.05","0.1","0.00000000001","","0.00000000001","0.00000000001","0.00000000001","0.07","0.00000000001","0.00000000001","0.00012641533","0.01","0.00000000001","0.00000000001",""
"130504B","Comet River at Comet Weir","2012-2013",2013-03-07 11:40:00,"","","0.00000000001","0.01","","0.00000000001","","0.11","8.930644e-05","0.00000000001","","0.00000000001","0.00000000001","0.00000000001","0.02","0.00000000001","0.00000000001","0.04","0.00051769031","0.00000000001","0.00000000001",""
"130504B","Comet River at Comet Weir","2012-2013",2013-03-11 11:45:00,"","","0.00000000001","0.01","","0.00000000001","","0.03","0.23","0.00000000001","","0.00000000001","0.00000000001","0.00000000001","0.01","0.00000000001","0.00000000001","0.02","0.00051769031","0.00000000001","0.00000000001",""
"130504B","Comet River at Comet Weir","2014-2015",2015-01-21 17:00:00,"","","0.00000000001","0.00000000001","0.00000000001","0.00000000001","","0.39","0.02","0.00000000001","0.03","0.02","0.00000000001","0.00000000001","0.05","0.00000000001","0.00000000001","0.02","0.00000000001","0.00000000001","0.02","0.00000000001"
"130504B","Comet River at Comet Weir","2014-2015",2015-01-26 10:30:00,"","","0.00000000001","0.00000000001","0.00000000001","0.00000000001","","0.36","0.01","0.00000000001","0.07","5.2679e-06","0.00000000001","0.00000000001","0.4","0.00000000001","0.00000000001","0.02","0.00000000001","0.00000000001","4.380853e-05","0.00000000001"
"130504B","Comet River at Comet Weir","2014-2015",2015-01-27 15:40:00,"","","0.00000000001","0.00000000001","0.00000000001","0.00000000001","","0.36","0.02","0.00000000001","0.05","5.2679e-06","0.00000000001","0.00000000001","0.18","0.00000000001","0.00000000001","0.02","0.00000000001","0.01","4.380853e-05","0.00000000001"
"130504B","Comet River at Comet Weir","2014-2015",2015-01-29 14:30:00,"","","0.00000000001","0.00000000001","0.00000000001","0.01","","1.1","0.06","0.00000000001","0.38","5.2679e-06","0.00000000001","0.00000000001","5.6","0.12","0.00000000001","0.01","0.03","1.97592e-06","4.380853e-05","0.00000000001"
"130504B","Comet River at Comet Weir","2014-2015",2015-01-30 11:00:00,"","","0.00000000001","0.00000000001","0.00000000001","1.01446e-07","","0.72","0.02","0.00000000001","0.18","5.2679e-06","0.00000000001","0.00000000001","1.8","0.07","0.00000000001","0.02","0.02","1.97592e-06","4.380853e-05","0.00000000001"
"130504B","Comet River at Comet Weir","2014-2015",2015-01-31 12:00:00,"","","0.00000000001","0.00000000001","0.00000000001","1.01446e-07","","0.38","0.03","0.00000000001","0.04","5.2679e-06","0.00000000001","0.00000000001","0.32","2.26446e-06","0.00000000001","0.02","0.00051769031","1.97592e-06","4.380853e-05","0.00000000001"
"130504B","Comet River at Comet Weir","2014-2015",2015-02-02 11:15:00,"","","0.00000000001","0.00000000001","","1.01446e-07","","0.48","0.02","0.00000000001","0.03","5.2679e-06","0.00000000001","0.00000000001","0.19","2.26446e-06","0.00000000001","0.05","0.01","1.97592e-06","4.380853e-05","0.00000000001"
"130504B","Comet River at Comet Weir","2014-2015",2015-02-04 11:00:00,"","","0.00000000001","0.00000000001","","1.01446e-07","","0.29","0.01","0.00000000001","0.08","5.2679e-06","0.00000000001","0.00000000001","1.2","2.26446e-06","0.00000000001","0.05","0.04","1.97592e-06","0.01","0.00000000001"
"130504B","Comet River at Comet Weir","2014-2015",2015-02-05 17:00:00,"","","0.00000000001","0.00000000001","","0.01","","0.8","0.27","0.00000000001","0.38","5.2679e-06","0.00000000001","0.00000000001","2.8","2.26446e-06","0.00000000001","0.09","0.03","1.97592e-06","0.02","0.00000000001"
"130504B","Comet River at Comet Weir","2014-2015",2015-02-06 17:00:00,"","","0.00000000001","0.00000000001","1.092979e-06","1.01446e-07","","1.8","0.16","0.00000000001","0.59","5.2679e-06","0.02","0.00000000001","3.9","0.04","0.00000000001","0.07","0.06","1.97592e-06","0.02","0.00000000001"
"130504B","Comet River at Comet Weir","2014-2015",2015-02-07 17:00:00,"","","0.00000000001","0.00000000001","1.092979e-06","1.01446e-07","","0.66","0.05","0.00000000001","0.28","5.2679e-06","6.32348e-06","0.00000000001","2.1","0.01","0.00000000001","0.05","0.03","0.01","0.01","0.00000000001"
"130504B","Comet River at Comet Weir","2014-2015",2015-02-09 17:00:00,"","","0.00000000001","0.00000000001","1.092979e-06","1.01446e-07","","0.43","0.03","0.00000000001","0.29","5.2679e-06","6.32348e-06","0.00000000001","2","2.26446e-06","0.00000000001","0.09","0.03","1.97592e-06","0.02","0.00000000001"
"130504B","Comet River at Comet Weir","2014-2015",2015-02-11 11:00:00,"","","0.00000000001","0.00000000001","1.092979e-06","1.01446e-07","","0.27","0.02","0.00000000001","0.17","5.2679e-06","6.32348e-06","0.00000000001","0.95","2.26446e-06","0.00000000001","0.09","0.02","1.97592e-06","0.02","0.00000000001"
"130504B","Comet River at Comet Weir","2014-2015",2015-02-13 12:15:00,"","","0.00000000001","0.00000000001","1.092979e-06","1.01446e-07","","0.21","0.02","0.00000000001","0.1","5.2679e-06","6.32348e-06","0.00000000001","0.8","2.26446e-06","0.00000000001","0.08","0.02","1.97592e-06","0.01","0.00000000001"
"130504B","Comet River at Comet Weir","2014-2015",2015-04-23 11:30:00,"","","0.00000000001","0.00000000001","1.092979e-06","1.01446e-07","","0.04","8.930644e-05","0.00000000001","0.04","5.2679e-06","6.32348e-06","0.00000000001","0.22","2.26446e-06","0.00000000001","0.05","0.00051769031","1.97592e-06","4.380853e-05","0.00000000001"
"130504B","Comet River at Comet Weir","2014-2015",2015-06-18 11:00:00,"","","0.00000000001","0.00000000001","1.092979e-06","1.01446e-07","","0.03","8.930644e-05","0.04","0.01","5.2679e-06","6.32348e-06","0.00000000001","0.17","2.26446e-06","0.00000000001","0.07","0.00051769031","1.97592e-06","4.380853e-05","0.00000000001"
"130504B","Comet River at Comet Weir","2015-2016",2015-07-24 11:20:00,"","","0.00000000001","0.00000000001","0.00000000001","0.00000000001","","0.00000000001","0.00000000001","0.00000000001","0.00000000001","0.00000000001","0.07","0.00000000001","0.09","0.00000000001","0.48","0.09","0.02","0.00000000001","0.00000000001","0.00000000001"
"130504B","Comet River at Comet Weir","2015-2016",2015-08-29 11:00:00,"","","0.00000000001","0.00000000001","0.00000000001","0.00000000001","","0.00000000001","0.00000000001","0.00000000001","0.00000000001","0.00000000001","6.32348e-06","0.00000000001","0.07","0.00000000001","0.04","0.12","0.03","0.00000000001","0.00000000001","0.00000000001"
"130504B","Comet River at Comet Weir","2015-2016",2015-09-29 10:40:00,"","","0.00000000001","0.00000000001","0.00000000001","0.00000000001","","0.00000000001","0.00000000001","0.00000000001","0.00000000001","0.00000000001","6.32348e-06","0.00000000001","0.07","0.00000000001","0.02","0.15","0.03","0.02","0.00000000001","0.00000000001"
"130504B","Comet River at Comet Weir","2015-2016",2015-11-10 16:45:00,"","","0.00000000001","0.00000000001","0.00000000001","0.00000000001","","0.00000000001","0.00000000001","0.00000000001","0.00000000001","0.00000000001","6.32348e-06","0.00000000001","0.06","0.00000000001","1.336659e-05","0.13","0.02","0.01","0.00000000001","0.00000000001"
"130504B","Comet River at Comet Weir","2015-2016",2016-01-12 11:30:00,"","","0.00000000001","0.00000000001","0.00000000001","0.00000000001","","1.8","0.04","0.00000000001","0.12","0.00000000001","6.32348e-06","0.00000000001","0.16","0.00000000001","1.336659e-05","0.05","0.00051769031","1.97592e-06","0.00000000001","0.00000000001"
"130504B","Comet River at Comet Weir","2015-2016",2016-02-02 10:30:00,"","","0.00000000001","0.00000000001","0.00000000001","0.00000000001","","3.6","0.04","0.00000000001","0.14","0.00000000001","6.32348e-06","0.00000000001","0.35","0.00000000001","1.336659e-05","0.47","0.00051769031","1.97592e-06","0.00000000001","0.00000000001"
"130504B","Comet River at Comet Weir","2015-2016",2016-02-04 09:00:00,"","","0.00000000001","0.00000000001","0.00000000001","0.00000000001","","0.17","0.05","0.00000000001","0.19","0.00000000001","6.32348e-06","0.00000000001","0.2","0.00000000001","1.336659e-05","0.04","0.00051769031","1.97592e-06","0.00000000001","0.00000000001"
"130504B","Comet River at Comet Weir","2015-2016",2016-02-04 15:20:00,"","","0.00000000001","0.00000000001","0.00000000001","0.00000000001","","0.8","0.11","0.00000000001","0.26","0.00000000001","6.32348e-06","0.00000000001","0.15","0.00000000001","1.336659e-05","0.14","0.00051769031","1.97592e-06","0.00000000001","0.00000000001"
"130504B","Comet River at Comet Weir","2015-2016",2016-02-05 10:40:00,"","","0.00000000001","0.00000000001","0.00000000001","0.00000000001","","1.1","0.04","0.00000000001","0.11","0.00000000001","6.32348e-06","0.00000000001","0.42","0.00000000001","1.336659e-05","0.28","0.00051769031","1.97592e-06","0.00000000001","0.00000000001"
"130504B","Comet River at Comet Weir","2015-2016",2016-02-06 13:30:00,"","","0.00000000001","0.00000000001","0.00000000001","0.00000000001","","1.8","0.06","0.00000000001","0.06","0.00000000001","6.32348e-06","0.00000000001","0.12","0.00000000001","0.01","0.07","0.03","0.1","0.00000000001","0.00000000001"
"130504B","Comet River at Comet Weir","2015-2016",2016-02-07 11:20:00,"","","0.00000000001","0.00000000001","0.01","0.00000000001","","2.5","0.04","0.00000000001","0.27","0.00000000001","6.32348e-06","0.00000000001","1.5","0.00000000001","0.02","0.1","0.02","0.05","0.00000000001","0.00000000001"
"130504B","Comet River at Comet Weir","2015-2016",2016-02-10 09:15:00,"","","0.00000000001","0.00000000001","0.02","0.00000000001","","1.9","0.06","0.00000000001","0.04","0.00000000001","6.32348e-06","0.00000000001","0.15","0.00000000001","1.336659e-05","0.14","0.01","0.04","0.00000000001","0.00000000001"
"130504B","Comet River at Comet Weir","2015-2016",2016-03-14 17:30:00,"","","0.00000000001","0.00000000001","1.092979e-06","0.00000000001","","0.21","0.01","0.00000000001","0.03","0.00000000001","6.32348e-06","0.00000000001","0.29","0.00000000001","1.336659e-05","0.09","0.00051769031","0.02","0.04","0.00000000001"
"130504B","Comet River at Comet Weir","2015-2016",2016-03-22 09:00:00,"","","0.00000000001","0.04","0.02","0.00000000001","","0.7","1.9","0.00000000001","0.35","0.00000000001","6.32348e-06","0.00000000001","2","0.00000000001","1.336659e-05","0.45","0.00051769031","0.01","4.380853e-05","0.00000000001"
"130504B","Comet River at Comet Weir","2015-2016",2016-03-23 10:00:00,"","","0.00000000001","0.01","1.092979e-06","0.00000000001","","0.21","0.32","0.00000000001","0.22","0.00000000001","6.32348e-06","0.00000000001","0.18","0.00000000001","1.336659e-05","0.14","0.00051769031","1.97592e-06","4.380853e-05","0.00000000001"
"130504B","Comet River at Comet Weir","2015-2016",2016-04-28 16:00:00,"","","0.00000000001","0.02","1.092979e-06","0.00000000001","","0.1","0.13","0.00000000001","0.19","0.00000000001","6.32348e-06","0.00000000001","0.62","0.00000000001","1.336659e-05","0.16","0.00051769031","0.03","4.380853e-05","0.00000000001"
"130504B","Comet River at Comet Weir","2015-2016",2016-05-31 11:30:00,"","","0.00000000001","0.01","1.092979e-06","0.00000000001","","0.07","0.06","0.00000000001","0.14","0.00000000001","6.32348e-06","0.00000000001","0.46","0.00000000001","1.336659e-05","0.15","0.01","0.02","4.380853e-05","0.00000000001"
"130504B","Comet River at Comet Weir","2015-2016",2016-06-04 16:45:00,"","","0.00000000001","0.05","1.092979e-06","0.00000000001","","0.07","0.06","0.00000000001","0.15","0.00000000001","6.32348e-06","0.00000000001","0.41","0.00000000001","1.336659e-05","0.14","0.01","0.03","4.380853e-05","0.00000000001"
"130504B","Comet River at Comet Weir","2015-2016",2016-06-17 11:00:00,"","","0.002","0.017","0.001","0.001","","0.07","0.043","0.00000000001","0.17","0.00000000001","6.32348e-07","0.003","0.38","0.00000000001","0.004","0.13","0.009","0.023","0.001","0.00000000001"
"130504B","Comet River at Comet Weir","2015-2016",2016-06-19 16:45:00,"","","0.003","0.016","0.001","0.004","","0.075","0.038","0.00000000001","0.16","0.025","6.32348e-07","0.002","0.4","0.00000000001","0.012","0.13","0.016","0.023","0.001","0.00000000001"
"130504B","Comet River at Comet Weir","2015-2016",2016-06-21 15:30:00,"","","0.002","0.016","0.001","0.002","","0.062","0.042","0.00000000001","0.14","2.63395e-05","6.32348e-07","0.002","0.33","0.00000000001","0.012","0.12","0.014","0.022","0.001","0.00000000001"
"130504B","Comet River at Comet Weir","2016-2017",2016-07-16 11:00:00,"","","0.00000000001","0.00000000001","0.00000000001","0.00000000001","","0.27","0.03","0.00000000001","0.18","0.00000000001","0.00000000001","0.00000000001","0.02","0.00000000001","0.03","0.03","0.72","0.00000000001","0.00000000001","0.00000000001"
"130504B","Comet River at Comet Weir","2016-2017",2016-07-16 17:30:00,"","","0.00000000001","0.00000000001","0.00000000001","0.00000000001","","0.03","0.03","0.00000000001","0.22","0.00000000001","0.00000000001","0.00000000001","0.16","0.00000000001","0.07","0.35","0.02","0.00000000001","0.00000000001","0.00000000001"
"130504B","Comet River at Comet Weir","2016-2017",2016-07-17 16:45:00,"","","0.01","0.03","0.00000000001","0.08","","0.54","2.8","0.54","0.09","0.2","0.17","0.00000000001","0.18","0.00000000001","0.14","0.03","7.3","0.00000000001","0.00000000001","0.00000000001"
"130504B","Comet River at Comet Weir","2016-2017",2016-08-19 09:00:00,"","","1.36913e-07","0.003","0.001","0.006","","0.065","0.013","0.022","0.025","0.005","0.027","0.00000000001","0.01","0.00000000001","0.002","0.051","0.39","0.00000000001","0.16","0.00000000001"
"130504B","Comet River at Comet Weir","2016-2017",2016-10-07 13:15:00,"","","1.36913e-07","0.004","1.092979e-07","1.01446e-08","","0.08","0.007","0.001","0.000274507874","0.03","0.006","0.00000000001","0.005","0.00000000001","1.336659e-06","0.11","0.03","0.00000000001","0.042","0.00000000001"
"130504B","Comet River at Comet Weir","2016-2017",2016-10-29 11:45:00,"","","1.36913e-07","0.002","1.092979e-07","1.01446e-08","","0.071","0.004","2.295733e-08","0.000274507874","0.022","0.012","0.00000000001","0.007","0.00000000001","1.336659e-06","0.069","0.035","0.001","0.049","0.00000000001"
"130504B","Comet River at Comet Weir","2016-2017",2016-12-07 11:00:00,"","9.552e-10","6.84565e-08","0.0009","1.092979e-08","1.01446e-09","","0.0079","0.015","0.0003","0.0018","2.63395e-07","0.017","0.0004","0.042","0.0019","0.019","0.35","0.19","0.0012","0.0012","0.00000000001"
"130504B","Comet River at Comet Weir","2016-2017",2016-12-09 10:30:00,"","9.552e-10","6.84565e-08","0.0009","1.092979e-08","0.0005","","0.0079","0.017","0.0004","0.00137253937","2.63395e-07","0.015","0.0003","0.043","0.0018","0.019","0.32","0.19","0.0013","0.0011","0.00000000001"
"130504B","Comet River at Comet Weir","2016-2017",2017-02-22 07:20:00,"4.7295e-08","2.388e-09","2.73826e-07","0.0025","0.0008","2.02892e-08","2.3576e-06","0.12","0.0099","4.591466e-08","0.007","1.05358e-06","0.017","0.0005","0.22","0.0015","0.012","0.4","0.14","0.0033","0.0016","0.00000000001"
"130504B","Comet River at Comet Weir","2016-2017",2017-03-16 11:00:00,"4.7295e-08","2.388e-09","0.019","0.011","0.0083","0.01","2.3576e-06","9.5","0.16","1.1478665e-08","0.4","5.2679e-07","0.024","0.0015","9","0.0006","1.5","1.2","0.067","0.0013","0.0032","0.00000000001"
"130504B","Comet River at Comet Weir","2016-2017",2017-03-24 16:20:00,"1.8918e-08","9.552e-08","2.73826e-06","0.04","0.03","2.02892e-07","2.3576e-06","3","0.08","2.295733e-07","0.16","2.63395e-05","1.264696e-05","2.13405e-06","1.2","4.52892e-06","0.32","0.65","0.02","3.95184e-06","0.08","0.00000000001"
"130504B","Comet River at Comet Weir","2016-2017",2017-03-28 15:30:00,"1.8918e-08","9.552e-08","2.73826e-06","0.05","0.04","2.02892e-07","2.3576e-06","1.9","0.09","2.295733e-07","0.19","2.63395e-05","1.264696e-05","2.13405e-06","1.4","4.52892e-06","0.1","0.83","0.02","3.95184e-06","0.09","0.00000000001"
"130504B","Comet River at Comet Weir","2016-2017",2017-03-30 09:30:00,"1.8918e-08","9.552e-08","2.73826e-06","0.05","1.092979e-06","2.02892e-07","2.3576e-06","1.3","0.07","2.295733e-07","0.24","2.63395e-05","1.264696e-05","2.13405e-06","0.09","4.52892e-06","0.04","3.6","0.00051769031","3.95184e-06","4.380853e-05","0.00000000001"
"130504B","Comet River at Comet Weir","2016-2017",2017-03-31 09:15:00,"1.8918e-08","9.552e-08","2.73826e-06","0.07","0.05","2.02892e-07","2.3576e-06","1.2","0.2","2.295733e-07","0.33","2.63395e-05","1.264696e-05","2.13405e-06","0.13","4.52892e-06","0.08","0.17","0.01","3.95184e-06","4.380853e-05","0.00000000001"
"130504B","Comet River at Comet Weir","2016-2017",2017-03-31 16:30:00,"1.8918e-08","9.552e-08","2.73826e-06","0.02","0.05","2.02892e-07","2.3576e-06","0.66","0.18","2.295733e-07","0.25","2.63395e-05","0.03","2.13405e-06","0.27","4.52892e-06","0.1","0.18","0.02","3.95184e-06","4.380853e-05","0.00000000001"
"130504B","Comet River at Comet Weir","2016-2017",2017-04-01 16:40:00,"1.8918e-08","9.552e-08","2.73826e-06","0.02","0.02","2.02892e-07","2.3576e-06","0.24","0.27","2.295733e-07","0.48","2.63395e-05","0.13","2.13405e-06","0.15","4.52892e-06","0.31","0.34","0.01","3.95184e-06","4.380853e-05","0.00000000001"
"130504B","Comet River at Comet Weir","2016-2017",2017-04-03 16:10:00,"1.8918e-08","9.552e-08","2.73826e-06","0.02","1.092979e-06","2.02892e-07","2.3576e-06","0.06","0.06","2.295733e-07","0.12","2.63395e-05","1.264696e-05","2.13405e-06","0.06","4.52892e-06","0.01","0.14","0.00051769031","3.95184e-06","0.03","0.00000000001"
"130504B","Comet River at Comet Weir","2016-2017",2017-04-04 16:15:00,"4.7295e-08","2.388e-09","6.84565e-08","0.0032","0.0054","0.0043","5.894e-06","0.043","0.057","1.1478665e-08","0.11","2.63395e-05","0.02","1.067025e-07","0.027","1.13223e-07","0.0085","0.19","0.0054","0.0013","0.013","0.00000000001"
"130504B","Comet River at Comet Weir","2016-2017",2017-04-05 16:10:00,"4.7295e-08","2.388e-09","6.84565e-08","0.0023","0.0044","0.004","5.894e-06","0.035","0.032","1.1478665e-08","0.07","2.63395e-05","0.016","1.067025e-07","0.024","1.13223e-07","0.0061","0.12","0.0046","0.0011","0.015","0.00000000001"
"130504B","Comet River at Comet Weir","2016-2017",2017-04-10 15:50:00,"4.7295e-08","2.388e-09","6.84565e-08","0.004","0.0048","0.0044","5.894e-06","0.041","0.017","1.1478665e-08","0.046","2.63395e-05","0.028","1.067025e-07","0.041","1.13223e-07","0.0065","0.22","0.0046","0.0012","0.012","0.00000000001"
"130504B","Comet River at Comet Weir","2016-2017",2017-05-02 11:30:00,"4.7295e-08","2.388e-09","6.84565e-08","0.0015","0.0027","0.0021","5.894e-06","0.022","0.01","0.0013","0.03","2.63395e-05","0.011","0.0006","0.019","1.13223e-07","0.01","0.049","0.0034","0.0005","0.014","0.00000000001"
"130504B","Comet River at Comet Weir","2016-2017",2017-06-09 11:00:00,"1.8918e-08","2.388e-09","1.36913e-07","0.001","0.0018","0.0033","2.3576e-06","0.02","4.465322e-05","0.001","0.024","0.01","0.013","0.0011","0.02","1.13223e-07","0.013","0.054","0.0052","0.002","0.016","0.00000000001"
"130504B","Comet River at Comet Weir","2017-2018",2017-07-18 12:55:00,"0.00000000001","0.00000000001","0.00000000001","0.00000000001","0.00000000001","0.00000000001","0.00000000001","0.02","0.00000000001","0.00000000001","0.00000000001","0.00000000001","0.00000000001","0.00000000001","0.03","0.00000000001","0.02","0.1","0.00000000001","0.49","0.02","0.00000000001"
"130504B","Comet River at Comet Weir","2017-2018",2017-08-08 10:55:00,"0.00000000001","0.00000000001","0.00000000001","0.00000000001","0.00000000001","0.00000000001","0.00000000001","0.01","0.00000000001","0.00000000001","0.00000000001","0.00000000001","0.00000000001","0.00000000001","0.04","0.00000000001","0.87","0.3","0.15","3.95184e-06","4.380853e-05","0.00000000001"
"130504B","Comet River at Comet Weir","2017-2018",2017-09-11 10:50:00,"0.00000000001","0.00000000001","0.00000000001","0.00000000001","0.00000000001","0.00000000001","0.00000000001","0.01","0.00000000001","0.00000000001","0.00000000001","0.00000000001","0.00000000001","0.00000000001","0.04","0.00000000001","0.39","0.33","0.12","3.95184e-06","4.380853e-05","0.00000000001"
"130504B","Comet River at Comet Weir","2017-2018",2017-10-10 08:15:00,"0.00000000001","0.00000000001","0.00000000001","0.00000000001","0.00000000001","0.00000000001","0.00000000001","0.01","0.00000000001","0.00000000001","0.00000000001","0.00000000001","0.00000000001","0.00000000001","0.04","0.00000000001","0.02","0.32","0.15","0.03","4.380853e-05","0.00000000001"
"130504B","Comet River at Comet Weir","2017-2018",2017-10-14 11:40:00,"0.00000000001","0.00000000001","0.00000000001","0.00000000001","0.00000000001","0.00000000001","0.00000000001","0.01","0.00000000001","0.00000000001","0.00000000001","0.00000000001","0.00000000001","0.00000000001","0.04","0.00000000001","0.02","0.35","0.11","0.03","4.380853e-05","0.00000000001"
"130504B","Comet River at Comet Weir","2017-2018",2017-10-15 14:40:00,"0.00000000001","0.00000000001","0.00000000001","0.00000000001","0.00000000001","0.00000000001","0.00000000001","0.01","0.00000000001","0.00000000001","0.00000000001","0.00000000001","0.00000000001","0.00000000001","0.24","0.00000000001","1.336659e-05","0.12","0.00051769031","3.95184e-06","4.380853e-05","0.00000000001"
"130504B","Comet River at Comet Weir","2017-2018",2017-10-16 13:50:00,"0.00000000001","0.00000000001","0.00000000001","0.00000000001","0.00000000001","0.00000000001","0.00000000001","0.01","0.00000000001","0.00000000001","0.00000000001","0.00000000001","0.00000000001","0.00000000001","0.34","0.00000000001","1.336659e-05","0.06","0.00051769031","3.95184e-06","4.380853e-05","0.00000000001"
"130504B","Comet River at Comet Weir","2017-2018",2017-10-17 15:50:00,"0.00000000001","0.00000000001","0.00000000001","0.00000000001","0.00000000001","0.00000000001","0.00000000001","1.73108e-07","0.00000000001","0.00000000001","0.00000000001","0.00000000001","0.00000000001","0.00000000001","0.14","0.00000000001","1.336659e-05","0.08","0.00051769031","3.95184e-06","4.380853e-05","0.00000000001"
"130504B","Comet River at Comet Weir","2017-2018",2017-11-07 07:15:00,"0.00000000001","0.00000000001","0.00000000001","0.00000000001","0.00000000001","0.00000000001","0.00000000001","1.73108e-07","0.04","0.00000000001","0.00000000001","0.00000000001","0.00000000001","0.00000000001","1.537476e-05","0.00000000001","1.336659e-05","0.38","0.00051769031","3.95184e-06","0.12","0.00000000001"
"130504B","Comet River at Comet Weir","2017-2018",2017-12-04 16:45:00,"0.00000000001","0.00000000001","0.00000000001","0.00000000001","0.00000000001","0.00000000001","0.00000000001","1.73108e-07","0.0004465322","0.00000000001","0.00000000001","0.00000000001","0.00000000001","0.00000000001","1.537476e-05","0.00000000001","0.05","0.04","0.00051769031","0.57","4.380853e-05","0.00000000001"
"130504B","Comet River at Comet Weir","2017-2018",2018-01-22 10:20:00,"0.00000000001","0.00000000001","0.00000000001","0.1","0.07","0.00000000001","0.00000000001","0.69","0.02","0.00000000001","0.13","0.00000000001","0.00000000001","0.00000000001","0.24","0.00000000001","0.02","0.87","0.07","0.03","4.380853e-05","0.00000000001"
"130504B","Comet River at Comet Weir","2017-2018",2018-02-12 10:10:00,"0.00000000001","0.00000000001","0.00000000001","0.04","0.07","0.00000000001","0.00000000001","0.76","0.06","0.00000000001","0.62","0.05","0.16","0.00000000001","0.08","0.00000000001","0.08","0.46","0.05","0.05","4.380853e-05","0.00000000001"
"130504B","Comet River at Comet Weir","2017-2018",2018-02-21 15:25:00,"0.00000000001","0.00000000001","0.00000000001","0.1","0.02","0.00000000001","0.00000000001","0.44","0.2","0.00000000001","0.58","2.63395e-05","1.264696e-05","0.00000000001","0.21","0.00000000001","1.336659e-05","0.62","0.00051769031","3.95184e-06","4.380853e-05","0.00000000001"
"130504B","Comet River at Comet Weir","2017-2018",2018-02-22 12:10:00,"0.00000000001","0.00000000001","0.00000000001","0.07","0.15","0.00000000001","0.00000000001","3.8","0.8","0.00000000001","0.44","0.07","1.264696e-05","0.00000000001","2.9","0.00000000001","1.336659e-05","0.74","0.02","3.95184e-06","4.380853e-05","0.00000000001"
"130504B","Comet River at Comet Weir","2017-2018",2018-02-23 10:15:00,"0.00000000001","0.00000000001","0.00000000001","0.02","0.05","0.00000000001","0.00000000001","1.7","0.28","0.00000000001","0.55","2.63395e-05","1.264696e-05","0.00000000001","4.9","0.00000000001","1.336659e-05","0.77","0.03","3.95184e-06","4.380853e-05","0.00000000001"
"130504B","Comet River at Comet Weir","2017-2018",2018-02-24 14:40:00,"0.00000000001","0.00000000001","0.00000000001","0.04","0.04","0.00000000001","0.00000000001","1.2","0.33","0.00000000001","0.67","2.63395e-05","0.02","0.00000000001","1.7","0.00000000001","0.1","0.68","0.02","3.95184e-06","4.380853e-05","0.00000000001"
"130504B","Comet River at Comet Weir","2017-2018",2018-02-25 15:00:00,"0.00000000001","0.00000000001","0.00000000001","0.05","0.04","0.00000000001","0.00000000001","1.6","0.14","0.00000000001","0.55","2.63395e-05","0.02","0.00000000001","2.1","0.00000000001","0.14","0.94","0.02","3.95184e-06","4.380853e-05","0.00000000001"
"130504B","Comet River at Comet Weir","2017-2018",2018-02-26 15:10:00,"0.00000000001","0.00000000001","0.00000000001","0.14","0.06","0.00000000001","0.00000000001","3.4","0.11","0.00000000001","0.64","2.63395e-05","1.264696e-05","0.00000000001","3.1","0.00000000001","0.09","0.65","0.04","0.02","4.380853e-05","0.00000000001"
"130504B","Comet River at Comet Weir","2017-2018",2018-03-02 16:00:00,"0.00000000001","0.00000000001","0.00000000001","0.03","0.02","0.00000000001","0.00000000001","0.26","0.03","0.00000000001","0.16","5.2679e-05","1.264696e-05","0.00000000001","0.27","0.00000000001","0.05","0.21","0.01","3.95184e-06","0.02","0.00000000001"
"130504B","Comet River at Comet Weir","2017-2018",2018-03-13 12:00:00,"0.00000000001","0.00000000001","0.00000000001","0.02","1.092979e-06","0.00000000001","0.00000000001","0.03","0.02","0.00000000001","0.06","2.63395e-05","1.264696e-05","0.00000000001","0.12","0.00000000001","1.336659e-05","0.16","0.00051769031","3.95184e-06","4.380853e-05","0.00000000001"
"130504B","Comet River at Comet Weir","2017-2018",2018-04-20 10:30:00,"0.00000000001","0.00000000001","0.00000000001","0.02","1.092979e-06","0.00000000001","0.00000000001","0.03","0.0004465322","0.00000000001","0.08","5.2679e-05","1.264696e-05","0.00000000001","0.14","0.00000000001","1.336659e-05","0.14","0.00051769031","3.95184e-06","0.01","0.00000000001"
"130504B","Comet River at Comet Weir","2017-2018",2018-05-21 13:35:00,"0.00000000001","0.00000000001","0.00000000001","0.02","1.092979e-06","0.00000000001","0.00000000001","0.02","0.00017861288","0.00000000001","0.07","2.63395e-05","1.264696e-05","0.00000000001","0.2","0.00000000001","1.336659e-05","0.16","0.00051769031","3.95184e-06","4.380853e-05","0.00000000001"
"130504B","Comet River at Comet Weir","2017-2018",2018-06-11 11:20:00,"0.00000000001","0.00000000001","0.00000000001","0.02","1.092979e-06","0.00000000001","0.00000000001","0.01","0.00017861288","0.00000000001","0.0137253937","2.63395e-05","1.264696e-05","0.00000000001","0.1","0.00000000001","0.01","0.51","0.11","3.95184e-06","4.380853e-05","0.00000000001"
"130504B","Comet River at Comet Weir","2018-2019",2018-07-16 09:35:00,"0.00000000001","0.00000000001","0.00000000001","0.00000000001","0.00000000001","0.00000000001","0.00000000001","0.01","0.00000000001","0.01","0.00000000001","0.00000000001","0.00000000001","0.00000000001","0.09","0.00000000001","0.01","0.61","0.15","0.00000000001","0.00000000001","0.00000000001"
"130504B","Comet River at Comet Weir","2018-2019",2018-08-21 13:00:00,"0.00000000001","0.00000000001","0.00000000001","0.00000000001","0.00000000001","0.00000000001","0.00000000001","0.01","0.00000000001","2.295733e-07","0.00000000001","0.00000000001","0.00000000001","0.00000000001","0.1","0.00000000001","1.336659e-05","0.53","0.12","0.00000000001","0.00000000001","0.00000000001"
"130504B","Comet River at Comet Weir","2018-2019",2018-09-03 10:15:00,"0.00000000001","0.00000000001","0.00000000001","0.00000000001","0.00000000001","0.00000000001","0.00000000001","1.73108e-07","0.00000000001","2.295733e-07","0.00000000001","0.00000000001","0.00000000001","0.00000000001","0.06","0.00000000001","1.336659e-05","0.56","0.11","0.00000000001","0.00000000001","0.00000000001"
"130504B","Comet River at Comet Weir","2018-2019",2018-10-15 15:00:00,"0.00000000001","0.00000000001","0.00000000001","0.00000000001","0.00000000001","0.00000000001","0.00000000001","1.73108e-07","0.00000000001","2.295733e-07","0.00000000001","0.00000000001","0.00000000001","0.00000000001","0.09","0.00000000001","1.336659e-05","0.1","0.00051769031","0.00000000001","0.00000000001","0.00000000001"
"130504B","Comet River at Comet Weir","2018-2019",2018-10-19 10:30:00,"0.00000000001","0.00000000001","0.00000000001","0.00000000001","0.00000000001","0.00000000001","0.00000000001","0.06","0.05","1.1478665e-06","0.00000000001","0.00000000001","0.00000000001","0.00000000001","0.03","0.00000000001","1.336659e-05","1.1","0.01","0.06","0.00000000001","0.00000000001"
"130504B","Comet River at Comet Weir","2018-2019",2018-11-03 11:15:00,"0.00000000001","0.00000000001","0.00000000001","0.00000000001","0.02","0.00000000001","0.00000000001","0.33","0.3","2.295733e-07","0.11","0.00000000001","0.00000000001","0.00000000001","0.44","0.00000000001","1.336659e-05","1.8","0.00051769031","3.95184e-06","0.00000000001","0.00000000001"
"130504B","Comet River at Comet Weir","2018-2019",2018-12-17 10:20:00,"0.00000000001","0.00000000001","0.00000000001","0.00000000001","1.092979e-06","0.00000000001","0.00000000001","1.73108e-07","0.0004465322","2.295733e-07","0.0137253937","0.00000000001","0.00000000001","0.00000000001","0.06","0.00000000001","0.01","0.61","0.11","0.04","0.00000000001","0.00000000001"
"130504B","Comet River at Comet Weir","2018-2019",2019-01-17 11:15:00,"0.00000000001","0.00000000001","0.00000000001","0.00000000001","1.092979e-06","0.00000000001","0.00000000001","0.01","0.00017861288","4.591466e-07","0.0137253937","0.00000000001","0.00000000001","0.00000000001","0.06","0.00000000001","1.336659e-05","0.67","0.09","3.95184e-06","0.00000000001","0.00000000001"
"130504B","Comet River at Comet Weir","2018-2019",2019-02-25 10:45:00,"0.00000000001","0.00000000001","0.00000000001","0.00000000001","1.092979e-06","0.00000000001","0.00000000001","1.73108e-07","0.0008930644","2.295733e-07","0.0137253937","0.00000000001","0.00000000001","0.00000000001","0.06","0.00000000001","1.336659e-05","0.73","0.08","3.95184e-06","0.00000000001","0.00000000001"
"130504B","Comet River at Comet Weir","2018-2019",2019-03-16 10:25:00,"0.00000000001","0.00000000001","0.00000000001","0.00000000001","1.092979e-06","0.00000000001","0.00000000001","1.73108e-07","0.00017861288","2.295733e-07","0.0137253937","0.00000000001","0.00000000001","0.00000000001","1.537476e-05","0.00000000001","1.336659e-05","0.08","0.00051769031","3.95184e-06","0.00000000001","0.00000000001"
"130504B","Comet River at Comet Weir","2018-2019",2019-03-18 09:15:00,"0.00000000001","0.00000000001","0.00000000001","0.09","0.05","0.00000000001","0.00000000001","0.42","0.57","2.295733e-07","0.29","0.00000000001","0.00000000001","0.00000000001","0.06","0.00000000001","0.21","0.33","0.06","3.95184e-06","0.01","0.00000000001"
"130504B","Comet River at Comet Weir","2018-2019",2019-03-29 09:45:00,"0.00000000001","0.00000000001","0.00000000001","0.02","1.092979e-06","0.00000000001","0.00000000001","0.08","0.00017861288","1.1478665e-06","0.6","0.00000000001","0.00000000001","0.00000000001","0.17","0.00000000001","1.336659e-05","1.7","0.00051769031","3.95184e-06","4.380853e-05","0.00000000001"
"130504B","Comet River at Comet Weir","2018-2019",2019-04-03 09:55:00,"0.00000000001","0.00000000001","0.00000000001","0.02","1.092979e-06","0.00000000001","0.00000000001","0.01","0.00017861288","1.1478665e-06","0.0549015748","0.00000000001","0.00000000001","0.00000000001","0.03","0.00000000001","1.336659e-05","0.22","0.00051769031","3.95184e-06","4.380853e-05","0.00000000001"
"130504B","Comet River at Comet Weir","2018-2019",2019-04-28 16:25:00,"0.00000000001","0.00000000001","0.00000000001","0.02","1.092979e-06","0.00000000001","0.00000000001","1.73108e-07","0.00017861288","2.295733e-07","0.0137253937","0.00000000001","0.00000000001","0.00000000001","1.537476e-05","0.00000000001","1.336659e-05","0.36","0.00051769031","3.95184e-06","4.380853e-05","0.00000000001"
"130504B","Comet River at Comet Weir","2018-2019",2019-04-29 15:35:00,"0.00000000001","0.00000000001","0.00000000001","0.02","1.092979e-06","0.00000000001","0.00000000001","1.73108e-07","0.00017861288","2.295733e-07","0.0137253937","0.00000000001","0.00000000001","0.00000000001","1.537476e-05","0.00000000001","1.336659e-05","0.41","0.00051769031","3.95184e-06","4.380853e-05","0.00000000001"
"130504B","Comet River at Comet Weir","2018-2019",2019-05-21 10:35:00,"0.00000000001","0.00000000001","0.00000000001","0.02","1.092979e-06","0.00000000001","0.00000000001","0.04","0.00017861288","2.295733e-07","0.12","0.00000000001","0.00000000001","0.00000000001","0.04","0.00000000001","1.336659e-05","0.34","0.04","3.95184e-06","0.1","0.00000000001"
"130504B","Comet River at Comet Weir","2018-2019",2019-06-18 10:15:00,"0.00000000001","0.00000000001","0.00000000001","0.02","1.092979e-06","0.00000000001","0.00000000001","0.04","0.0004465322","2.295733e-07","0.11","0.00000000001","0.00000000001","0.00000000001","0.05","0.00000000001","1.336659e-05","0.22","0.04","3.95184e-06","0.09","0.00000000001"
"130504B","Comet River at Comet Weir","2019-2020",2019-07-23 11:20:00,"0.00000000001","0.00000000001","0.00000000001","0.00000000001","0.00000000001","0.00000000001","0.00000000001","0.00000000001","0.00000000001","0.00000000001","0.00000000001","0.00000000001","0.00000000001","0.00000000001","0.04","0.00000000001","0.00000000001","0.71","0.05","0.00000000001","0.00000000001","0.00000000001"
"130504B","Comet River at Comet Weir","2019-2020",2019-08-20 14:20:00,"0.00000000001","0.00000000001","0.00000000001","0.00000000001","0.00000000001","0.00000000001","0.00000000001","0.00000000001","0.02","0.00000000001","0.00000000001","0.00000000001","0.00000000001","0.00000000001","0.04","0.00000000001","0.00000000001","0.71","0.04","0.00000000001","0.00000000001","0.00000000001"
"130504B","Comet River at Comet Weir","2019-2020",2019-09-24 09:55:00,"0.00000000001","0.00000000001","0.00000000001","0.00000000001","0.00000000001","0.00000000001","0.00000000001","0.00000000001","0.0004465322","0.00000000001","0.00000000001","0.00000000001","0.00000000001","0.00000000001","0.03","0.00000000001","0.00000000001","0.64","0.04","0.00000000001","0.00000000001","0.00000000001"
"130504B","Comet River at Comet Weir","2019-2020",2019-10-15 08:40:00,"0.00000000001","0.00000000001","0.00000000001","0.00000000001","0.00000000001","0.00000000001","0.00000000001","0.00000000001","0.00017861288","0.00000000001","0.00000000001","0.00000000001","0.00000000001","0.00000000001","0.03","0.00000000001","0.00000000001","0.7","0.04","0.00000000001","0.00000000001","0.00000000001"
"130504B","Comet River at Comet Weir","2019-2020",2019-11-18 09:30:00,"0.00000000001","0.00000000001","0.00000000001","0.00000000001","0.00000000001","0.00000000001","0.00000000001","0.00000000001","0.00017861288","0.00000000001","0.00000000001","0.00000000001","0.00000000001","0.00000000001","0.04","0.00000000001","0.00000000001","0.76","0.05","0.00000000001","0.00000000001","0.00000000001"
"130504B","Comet River at Comet Weir","2019-2020",2019-12-16 05:55:00,"0.00000000001","0.00000000001","0.00000000001","0.00000000001","0.00000000001","0.00000000001","0.00000000001","0.00000000001","0.0004465322","0.00000000001","0.00000000001","0.00000000001","0.00000000001","0.00000000001","0.03","0.00000000001","0.00000000001","0.72","0.05","0.00000000001","0.00000000001","0.00000000001"
"130504B","Comet River at Comet Weir","2019-2020",2020-01-17 09:25:00,"0.00000000001","0.00000000001","0.00000000001","0.00000000001","0.00000000001","0.00000000001","0.00000000001","0.00000000001","0.0008930644","0.00000000001","0.00000000001","0.00000000001","0.00000000001","0.00000000001","1.537476e-05","0.00000000001","0.00000000001","0.16","0.01","0.00000000001","0.00000000001","0.00000000001"
"130504B","Comet River at Comet Weir","2019-2020",2020-01-17 16:10:00,"0.00000000001","0.00000000001","0.02","0.00000000001","0.00000000001","0.00000000001","0.00000000001","0.00000000001","0.0008930644","0.00000000001","0.00000000001","0.00000000001","0.00000000001","0.00000000001","1.537476e-05","0.00000000001","0.00000000001","0.03","0.00051769031","0.02","0.00000000001","0.00000000001"
"130504B","Comet River at Comet Weir","2019-2020",2020-01-18 16:10:00,"0.00000000001","0.00000000001","0.03","0.00000000001","0.00000000001","0.00000000001","0.00000000001","0.00000000001","0.0008930644","0.00000000001","0.00000000001","0.00000000001","0.00000000001","0.00000000001","1.537476e-05","0.00000000001","0.00000000001","0.06","0.00051769031","0.03","0.01","0.00000000001"
"130504B","Comet River at Comet Weir","2019-2020",2020-01-20 09:45:00,"0.00000000001","0.00000000001","2.73826e-06","0.00000000001","0.00000000001","0.00000000001","0.00000000001","0.02","0.0017861288","0.00000000001","0.00000000001","0.00000000001","0.00000000001","0.00000000001","0.03","0.00000000001","0.00000000001","0.69","0.00051769031","3.95184e-06","4.380853e-05","0.00000000001"
"130504B","Comet River at Comet Weir","2019-2020",2020-01-20 17:00:00,"0.00000000001","0.00000000001","2.73826e-06","0.00000000001","0.00000000001","0.00000000001","0.00000000001","0.02","0.0017861288","0.00000000001","0.00000000001","0.00000000001","0.00000000001","0.00000000001","0.02","0.00000000001","0.00000000001","0.57","0.00051769031","3.95184e-06","4.380853e-05","0.00000000001"
"130504B","Comet River at Comet Weir","2019-2020",2020-01-21 10:30:00,"0.00000000001","0.00000000001","2.73826e-06","0.00000000001","0.00000000001","0.00000000001","0.00000000001","0.02","0.0017861288","0.00000000001","0.00000000001","0.00000000001","0.00000000001","0.00000000001","0.02","0.00000000001","0.00000000001","0.59","0.00051769031","3.95184e-06","4.380853e-05","0.00000000001"
"130504B","Comet River at Comet Weir","2019-2020",2020-01-21 16:45:00,"0.00000000001","0.00000000001","2.73826e-06","0.00000000001","0.00000000001","0.00000000001","0.00000000001","0.02","0.0017861288","0.00000000001","0.00000000001","0.00000000001","0.00000000001","0.00000000001","1.537476e-05","0.00000000001","0.00000000001","0.52","0.00051769031","3.95184e-06","4.380853e-05","0.00000000001"
"130504B","Comet River at Comet Weir","2019-2020",2020-01-22 14:10:00,"0.00000000001","0.00000000001","2.73826e-06","0.00000000001","0.00000000001","0.00000000001","0.00000000001","0.02","0.0017861288","0.00000000001","0.00000000001","0.00000000001","0.00000000001","0.00000000001","1.537476e-05","0.00000000001","0.00000000001","0.32","0.00051769031","3.95184e-06","4.380853e-05","0.00000000001"
"130504B","Comet River at Comet Weir","2019-2020",2020-01-28 18:15:00,"0.00000000001","0.00000000001","2.73826e-06","0.00000000001","0.00000000001","0.00000000001","0.00000000001","0.02","0.00017861288","0.00000000001","0.00000000001","0.00000000001","0.00000000001","0.00000000001","0.02","0.00000000001","0.00000000001","0.05","0.00051769031","3.95184e-06","4.380853e-05","0.00000000001"
"130504B","Comet River at Comet Weir","2019-2020",2020-01-29 09:55:00,"0.00000000001","0.00000000001","2.73826e-06","0.00000000001","0.00000000001","0.00000000001","0.00000000001","0.01","0.00017861288","0.00000000001","0.00000000001","0.00000000001","0.00000000001","0.00000000001","0.02","0.00000000001","0.00000000001","0.06","0.01","3.95184e-06","4.380853e-05","0.00000000001"
"130504B","Comet River at Comet Weir","2019-2020",2020-01-30 11:10:00,"0.00000000001","0.00000000001","2.73826e-06","0.00000000001","0.00000000001","0.00000000001","0.00000000001","1.73108e-07","0.00017861288","0.00000000001","0.00000000001","0.00000000001","0.00000000001","0.00000000001","1.537476e-05","0.00000000001","0.00000000001","1.4","0.00051769031","3.95184e-06","4.380853e-05","0.00000000001"
"130504B","Comet River at Comet Weir","2019-2020",2020-02-03 16:35:00,"0.00000000001","0.00000000001","2.73826e-06","0.00000000001","0.00000000001","0.00000000001","0.00000000001","1.73108e-07","0.00017861288","0.00000000001","0.00000000001","0.00000000001","0.00000000001","0.00000000001","1.537476e-05","0.00000000001","0.00000000001","1","0.00051769031","3.95184e-06","4.380853e-05","0.00000000001"
"130504B","Comet River at Comet Weir","2019-2020",2020-02-06 14:15:00,"0.00000000001","0.00000000001","2.73826e-06","0.00000000001","0.00000000001","0.00000000001","0.00000000001","0.05","0.05","0.00000000001","0.00000000001","0.00000000001","0.00000000001","0.00000000001","0.26","0.00000000001","0.00000000001","0.86","0.00051769031","3.95184e-06","4.380853e-05","0.00000000001"
"130504B","Comet River at Comet Weir","2019-2020",2020-02-07 15:45:00,"0.00000000001","0.00000000001","2.73826e-06","0.00000000001","0.00000000001","0.00000000001","0.00000000001","1.73108e-07","0.00017861288","0.00000000001","0.00000000001","0.00000000001","0.00000000001","0.00000000001","1.537476e-05","0.00000000001","0.00000000001","0.07","0.00051769031","3.95184e-06","4.380853e-05","0.00000000001"
"130504B","Comet River at Comet Weir","2019-2020",2020-02-08 16:25:00,"0.00000000001","0.00000000001","2.73826e-06","0.00000000001","0.00000000001","0.00000000001","0.00000000001","0.01","0.14","0.00000000001","0.09","0.00000000001","0.00000000001","0.00000000001","0.02","0.00000000001","0.00000000001","1.3","0.00051769031","3.95184e-06","4.380853e-05","0.00000000001"
"130504B","Comet River at Comet Weir","2019-2020",2020-02-10 16:10:00,"0.00000000001","0.00000000001","2.73826e-06","0.00000000001","0.00000000001","0.00000000001","0.00000000001","2.9","0.02","0.00000000001","0.3","0.00000000001","0.00000000001","0.00000000001","1.537476e-05","0.00000000001","0.00000000001","0.34","0.01","3.95184e-06","4.380853e-05","0.00000000001"
"130504B","Comet River at Comet Weir","2019-2020",2020-02-11 07:20:00,"0.00000000001","0.00000000001","2.73826e-06","0.00000000001","0.00000000001","0.00000000001","0.00000000001","1.1","0.03","0.00000000001","0.43","0.00000000001","0.00000000001","0.00000000001","1.537476e-05","0.00000000001","0.00000000001","0.17","0.02","3.95184e-06","4.380853e-05","0.00000000001"
"130504B","Comet River at Comet Weir","2019-2020",2020-02-11 16:30:00,"0.00000000001","0.00000000001","2.73826e-06","0.00000000001","0.00000000001","0.00000000001","0.00000000001","0.76","0.04","0.00000000001","0.36","0.00000000001","0.00000000001","0.00000000001","1.537476e-05","0.00000000001","0.00000000001","0.35","0.02","3.95184e-06","4.380853e-05","0.00000000001"
"130504B","Comet River at Comet Weir","2019-2020",2020-02-12 07:45:00,"0.00000000001","0.00000000001","2.73826e-06","0.00000000001","0.00000000001","0.00000000001","0.00000000001","0.3","0.05","0.00000000001","0.22","0.00000000001","0.00000000001","0.00000000001","1.537476e-05","0.00000000001","0.00000000001","0.36","0.00051769031","3.95184e-06","4.380853e-05","0.00000000001"
"130504B","Comet River at Comet Weir","2019-2020",2020-02-12 16:25:00,"0.00000000001","0.00000000001","2.73826e-06","0.00000000001","0.00000000001","0.00000000001","0.00000000001","0.2","0.05","0.00000000001","0.19","0.00000000001","0.00000000001","0.00000000001","1.537476e-05","0.00000000001","0.00000000001","0.43","0.00051769031","3.95184e-06","4.380853e-05","0.00000000001"
"130504B","Comet River at Comet Weir","2019-2020",2020-02-13 16:15:00,"0.00000000001","0.00000000001","2.73826e-06","0.00000000001","0.00000000001","0.00000000001","0.00000000001","0.41","0.03","0.00000000001","0.17","0.00000000001","0.00000000001","0.00000000001","1.537476e-05","0.00000000001","0.00000000001","0.75","0.01","3.95184e-06","4.380853e-05","0.00000000001"
"130504B","Comet River at Comet Weir","2019-2020",2020-02-14 16:00:00,"0.00000000001","0.00000000001","2.73826e-06","0.00000000001","0.00000000001","0.00000000001","0.00000000001","0.13","0.02","0.00000000001","0.07","0.00000000001","0.00000000001","0.00000000001","1.537476e-05","0.00000000001","0.00000000001","0.62","0.00051769031","3.95184e-06","4.380853e-05","0.00000000001"
"130504B","Comet River at Comet Weir","2019-2020",2020-02-15 16:15:00,"0.00000000001","0.00000000001","2.73826e-06","0.00000000001","0.00000000001","0.00000000001","0.00000000001","0.19","0.03","0.00000000001","0.07","0.00000000001","0.00000000001","0.00000000001","1.537476e-05","0.00000000001","0.00000000001","0.63","0.00051769031","3.95184e-06","0.01","0.00000000001"
"130504B","Comet River at Comet Weir","2019-2020",2020-02-25 09:45:00,"0.00000000001","0.00000000001","2.73826e-06","0.02","0.00000000001","0.00000000001","0.00000000001","0.18","0.17","0.00000000001","0.17","0.00000000001","0.00000000001","0.00000000001","0.03","0.00000000001","0.00000000001","0.29","0.00051769031","3.95184e-06","0.02","0.00000000001"
"130504B","Comet River at Comet Weir","2019-2020",2020-02-26 08:45:00,"0.00000000001","0.00000000001","2.73826e-06","0.12","0.01","0.00000000001","0.00000000001","0.08","0.37","0.00000000001","0.38","0.00000000001","0.00000000001","0.00000000001","0.02","0.00000000001","0.00000000001","0.44","0.01","3.95184e-06","0.02","0.00000000001"
"130504B","Comet River at Comet Weir","2019-2020",2020-02-27 08:35:00,"0.00000000001","0.00000000001","2.73826e-06","0.11","0.02","0.00000000001","0.00000000001","0.09","0.14","0.00000000001","0.28","0.00000000001","0.00000000001","0.00000000001","0.03","0.00000000001","0.00000000001","0.43","0.01","3.95184e-06","0.02","0.00000000001"
"130504B","Comet River at Comet Weir","2019-2020",2020-02-28 08:35:00,"0.00000000001","0.00000000001","2.73826e-06","0.1","0.02","0.00000000001","0.00000000001","0.08","0.08","0.00000000001","0.22","0.00000000001","0.00000000001","0.00000000001","0.03","0.00000000001","0.00000000001","0.78","0.00051769031","3.95184e-06","0.01","0.00000000001"
"130504B","Comet River at Comet Weir","2019-2020",2020-02-29 10:20:00,"0.00000000001","0.00000000001","2.73826e-06","0.06","0.01","0.00000000001","0.00000000001","0.08","0.14","0.00000000001","0.33","0.00000000001","0.00000000001","0.00000000001","0.03","0.00000000001","0.00000000001","0.98","0.00051769031","3.95184e-06","0.01","0.00000000001"
"130504B","Comet River at Comet Weir","2019-2020",2020-03-01 16:25:00,"0.00000000001","0.00000000001","2.73826e-06","0.03","1.092979e-06","0.00000000001","0.00000000001","0.04","0.06","0.00000000001","0.11","0.00000000001","0.00000000001","0.00000000001","1.537476e-05","0.00000000001","0.00000000001","0.65","0.00051769031","3.95184e-06","0.01","0.00000000001"
"130504B","Comet River at Comet Weir","2019-2020",2020-03-02 16:20:00,"0.00000000001","0.00000000001","2.73826e-06","0.02","1.092979e-06","0.00000000001","0.00000000001","0.04","0.0004465322","0.00000000001","0.07","0.00000000001","0.00000000001","0.00000000001","1.537476e-05","0.00000000001","0.00000000001","0.61","0.00051769031","3.95184e-06","0.02","0.00000000001"
"130504B","Comet River at Comet Weir","2019-2020",2020-03-05 08:45:00,"0.00000000001","0.00000000001","2.73826e-06","0.02","1.092979e-06","0.00000000001","0.00000000001","0.24","0.0004465322","0.00000000001","0.11","0.00000000001","0.00000000001","0.00000000001","0.07","0.00000000001","0.00000000001","0.58","0.00051769031","3.95184e-06","0.01","0.00000000001"
"130504B","Comet River at Comet Weir","2019-2020",2020-03-07 09:30:00,"0.00000000001","0.00000000001","2.73826e-06","0.03","0.05","0.00000000001","0.00000000001","0.68","0.19","0.00000000001","0.32","0.00000000001","0.00000000001","0.00000000001","0.58","0.00000000001","0.00000000001","0.04","0.06","3.95184e-06","4.380853e-05","0.00000000001"
"130504B","Comet River at Comet Weir","2019-2020",2020-03-07 16:55:00,"0.00000000001","0.00000000001","2.73826e-06","0.03","0.04","0.02","0.00000000001","0.58","0.24","0.00000000001","0.26","0.00000000001","0.00000000001","0.00000000001","0.6","0.00000000001","0.00000000001","0.07","0.05","3.95184e-06","4.380853e-05","0.00000000001"
"130504B","Comet River at Comet Weir","2019-2020",2020-03-08 07:10:00,"0.00000000001","0.00000000001","2.73826e-06","0.02","0.03","0.04","0.00000000001","0.34","0.21","0.00000000001","0.28","0.00000000001","0.00000000001","0.00000000001","0.35","0.00000000001","0.00000000001","0.3","0.04","0.02","4.380853e-05","0.00000000001"
"130504B","Comet River at Comet Weir","2019-2020",2020-03-08 18:45:00,"0.00000000001","0.00000000001","2.73826e-06","0.04","0.02","0.04","0.00000000001","0.52","0.23","0.00000000001","0.54","0.00000000001","0.00000000001","0.00000000001","0.35","0.00000000001","0.00000000001","0.36","0.03","3.95184e-06","0.02","0.00000000001"
"130504B","Comet River at Comet Weir","2019-2020",2020-03-09 10:10:00,"0.00000000001","0.00000000001","2.73826e-06","0.03","1.092979e-06","2.02892e-07","0.00000000001","0.25","0.1","0.00000000001","0.41","0.00000000001","0.00000000001","0.00000000001","0.1","0.00000000001","0.00000000001","0.25","0.00051769031","3.95184e-06","4.380853e-05","0.00000000001"
"130504B","Comet River at Comet Weir","2019-2020",2020-03-11 09:40:00,"0.00000000001","0.00000000001","2.73826e-06","0.05","1.092979e-06","2.02892e-07","0.00000000001","0.07","0.04","0.00000000001","0.14","0.00000000001","0.00000000001","0.00000000001","0.08","0.00000000001","0.00000000001","0.28","0.00051769031","3.95184e-06","4.380853e-05","0.00000000001"
"130504B","Comet River at Comet Weir","2019-2020",2020-03-13 17:20:00,"0.00000000001","0.00000000001","2.73826e-06","0.05","1.092979e-06","2.02892e-07","0.00000000001","0.02","0.07","0.00000000001","0.0137253937","0.00000000001","0.00000000001","0.00000000001","0.02","0.00000000001","0.00000000001","0.8","0.00051769031","3.95184e-06","0.01","0.00000000001"
"130504B","Comet River at Comet Weir","2019-2020",2020-04-30 09:15:00,"0.00000000001","0.00000000001","2.73826e-06","0.02","1.092979e-06","2.02892e-07","0.00000000001","0.01","0.0004465322","0.00000000001","0.0137253937","0.00000000001","0.00000000001","0.00000000001","1.537476e-05","0.00000000001","0.00000000001","0.86","0.00051769031","3.95184e-06","0.02","0.00000000001"
"130504B","Comet River at Comet Weir","2019-2020",2020-05-29 10:50:00,"0.00000000001","0.00000000001","2.73826e-06","0.02","1.092979e-06","2.02892e-07","0.00000000001","0.01","0.00017861288","0.00000000001","0.0137253937","0.00000000001","0.00000000001","0.00000000001","1.537476e-05","0.00000000001","0.00000000001","0.91","0.00051769031","3.95184e-06","0.02","0.00000000001"
"130504B","Comet River at Comet Weir","2019-2020",2020-06-26 10:50:00,"0.00000000001","0.00000000001","2.73826e-06","0.02","1.092979e-06","2.02892e-07","0.00000000001","0.05","0.00017861288","0.00000000001","0.0137253937","0.00000000001","0.00000000001","0.00000000001","0.03","0.00000000001","0.02","0.57","0.03","3.95184e-06","4.380853e-05","0.00000000001"
"130504B","Comet River at Comet Weir","2020-2021",2020-07-27 11:20:00,"0.00000000001","0.00000000001","0.00000000001","0.00000000001","0.00000000001","0.00000000001","0.00000000001","0.04","0.00000000001","0.00000000001","0.00000000001","0.00000000001","0.00000000001","0.00000000001","0.02","0.00000000001","0.02","0.39","0.06","0.00000000001","0.00000000001","0.00000000001"
"130504B","Comet River at Comet Weir","2020-2021",2020-09-22 11:40:00,"0.00000000001","0.00000000001","0.00000000001","0.00000000001","0.00000000001","0.00000000001","0.00000000001","0.02","0.00000000001","0.00000000001","0.00000000001","0.00000000001","0.00000000001","0.00000000001","1.537476e-05","0.00000000001","0.02","0.39","0.02","0.00000000001","0.00000000001","0.00000000001"
"130504B","Comet River at Comet Weir","2020-2021",2020-11-08 06:25:00,"0.00000000001","0.00000000001","0.00000000001","0.00000000001","0.00000000001","0.00000000001","0.00000000001","1.73108e-07","0.00000000001","0.12","0.00000000001","0.00000000001","0.00000000001","0.00000000001","1.537476e-05","0.00000000001","1.336659e-05","0.35","0.00051769031","0.00000000001","0.00000000001","0.00000000001"
"130504B","Comet River at Comet Weir","2020-2021",2020-11-17 10:50:00,"0.00000000001","0.00000000001","0.00000000001","0.00000000001","0.00000000001","0.00000000001","0.00000000001","1.73108e-07","0.00000000001","0.03","0.00000000001","0.00000000001","0.00000000001","0.00000000001","1.537476e-05","0.00000000001","0.08","0.59","0.02","0.00000000001","0.00000000001","0.00000000001"
"130504B","Comet River at Comet Weir","2020-2021",2020-12-15 16:20:00,"0.00000000001","0.00000000001","0.00000000001","0.00000000001","0.00000000001","0.00000000001","0.00000000001","0.01","0.00000000001","2.295733e-07","0.21","0.00000000001","0.00000000001","0.00000000001","1.537476e-05","0.00000000001","0.1","0.55","0.03","0.00000000001","0.00000000001","0.00000000001"
"130504B","Comet River at Comet Weir","2020-2021",2021-01-11 18:40:00,"0.00000000001","0.00000000001","0.00000000001","0.00000000001","0.00000000001","0.00000000001","0.00000000001","1.73108e-07","0.00000000001","2.295733e-07","0.0137253937","0.00000000001","0.00000000001","0.00000000001","1.537476e-05","0.00000000001","1.336659e-05","0.18","0.00051769031","0.00000000001","0.00000000001","0.00000000001"
"130504B","Comet River at Comet Weir","2020-2021",2021-01-12 09:00:00,"0.00000000001","0.00000000001","0.00000000001","0.00000000001","0.00000000001","0.00000000001","0.00000000001","0.01","0.00000000001","2.295733e-07","0.0137253937","0.00000000001","0.00000000001","0.00000000001","1.537476e-05","0.00000000001","1.336659e-05","0.06","0.00051769031","0.00000000001","0.00000000001","0.00000000001"
"130504B","Comet River at Comet Weir","2020-2021",2021-01-13 17:05:00,"0.00000000001","0.00000000001","0.00000000001","0.00000000001","0.00000000001","0.00000000001","0.00000000001","0.2","0.00000000001","2.295733e-07","0.0137253937","0.00000000001","0.00000000001","0.00000000001","0.17","0.00000000001","1.336659e-05","0.11","0.00051769031","0.00000000001","0.00000000001","0.00000000001"
"130504B","Comet River at Comet Weir","2020-2021",2021-01-14 08:34:00,"0.00000000001","0.00000000001","0.00000000001","0.00000000001","0.00000000001","0.00000000001","0.00000000001","0.09","0.00000000001","2.295733e-07","0.0137253937","0.00000000001","0.00000000001","0.00000000001","0.06","0.00000000001","1.336659e-05","0.19","0.00051769031","0.00000000001","0.00000000001","0.00000000001"
"130504B","Comet River at Comet Weir","2020-2021",2021-01-15 08:12:00,"0.00000000001","0.00000000001","0.00000000001","0.00000000001","0.00000000001","0.00000000001","0.00000000001","0.09","0.00000000001","2.295733e-07","0.0137253937","0.00000000001","0.00000000001","0.00000000001","0.05","0.00000000001","0.02","0.41","0.00051769031","0.00000000001","0.00000000001","0.00000000001"
"130504B","Comet River at Comet Weir","2020-2021",2021-01-16 08:11:00,"0.00000000001","0.00000000001","0.00000000001","0.00000000001","0.01","0.00000000001","0.00000000001","0.1","0.00000000001","2.295733e-07","0.0137253937","0.00000000001","0.00000000001","0.00000000001","0.04","0.00000000001","0.01","0.66","0.03","0.00000000001","0.02","0.00000000001"
"130504B","Comet River at Comet Weir","2020-2021",2021-01-18 08:46:00,"0.00000000001","0.00000000001","0.00000000001","0.00000000001","0.02","0.00000000001","0.00000000001","0.07","0.02","2.295733e-07","0.0137253937","0.00000000001","0.00000000001","0.00000000001","0.03","0.00000000001","1.336659e-05","0.41","0.03","0.00000000001","0.03","0.00000000001"
"130504B","Comet River at Comet Weir","2020-2021",2021-01-21 10:16:00,"0.00000000001","0.00000000001","0.00000000001","0.00000000001","0.01","0.00000000001","0.00000000001","0.06","0.02","2.295733e-07","0.06","0.00000000001","0.00000000001","0.00000000001","0.03","0.00000000001","1.336659e-05","0.37","0.03","0.00000000001","0.03","0.00000000001"
"130504B","Comet River at Comet Weir","2020-2021",2021-02-22 09:20:00,"0.00000000001","0.00000000001","0.00000000001","0.00000000001","1.092979e-06","0.00000000001","0.00000000001","0.03","0.00017861288","2.295733e-07","0.0137253937","0.00000000001","0.00000000001","0.00000000001","0.7","0.00000000001","1.336659e-05","0.32","0.00051769031","0.00000000001","0.03","0.00000000001"
"130504B","Comet River at Comet Weir","2020-2021",2021-03-16 13:35:00,"0.00000000001","0.00000000001","0.00000000001","0.00000000001","1.092979e-06","0.00000000001","0.00000000001","1.73108e-07","0.00017861288","2.295733e-07","0.09","0.00000000001","0.00000000001","0.00000000001","0.08","0.00000000001","1.336659e-05","0.06","0.00051769031","0.00000000001","4.380853e-05","0.00000000001"
"130504B","Comet River at Comet Weir","2020-2021",2021-04-19 10:40:00,"0.00000000001","0.00000000001","0.00000000001","0.00000000001","1.092979e-06","0.00000000001","0.00000000001","0.02","0.0004465322","2.295733e-07","0.0137253937","0.00000000001","0.00000000001","0.00000000001","1.537476e-05","0.00000000001","1.336659e-05","0.02","0.00051769031","0.00000000001","4.380853e-05","0.00000000001"
"130504B","Comet River at Comet Weir","2020-2021",2021-05-07 10:55:00,"0.00000000001","0.00000000001","0.00000000001","0.00000000001","1.092979e-06","0.00000000001","0.00000000001","1.73108e-07","0.00017861288","2.295733e-07","0.0137253937","0.00000000001","0.00000000001","0.00000000001","1.537476e-05","0.00000000001","1.336659e-05","0.02","0.00051769031","0.00000000001","4.380853e-05","0.00000000001"
"130504B","Comet River at Comet Weir","2020-2021",2021-06-21 10:10:00,"0.00000000001","0.00000000001","0.00000000001","0.00000000001","1.092979e-06","0.00000000001","0.00000000001","1.73108e-07","0.00017861288","4.591466e-07","0.0137253937","0.00000000001","0.00000000001","0.00000000001","1.537476e-05","0.00000000001","1.336659e-05","0.37","0.00051769031","0.00000000001","4.380853e-05","0.00000000001"
"130504B","Comet River at Comet Weir","2021-2022",2021-07-20 11:10:00,"0.00000000001","0.00000000001","0.00000000001","0.00000000001","0.00000000001","0.00000000001","0.00000000001","0.00000000001","0.00000000001","0.00000000001","0.00000000001","0.00000000001","0.00000000001","0.00000000001","0.02","0.00000000001","0.00000000001","0.33","0.01","0.00000000001","0.00000000001","0.00000000001"
"130504B","Comet River at Comet Weir","2021-2022",2021-11-13 17:25:00,"0.00000000001","0.00000000001","0.00000000001","0.00000000001","0.00000000001","0.00000000001","0.00000000001","0.02","0.00000000001","0.00000000001","0.08","0.00000000001","0.00000000001","0.00000000001","0.04","0.00000000001","0.2","0.07","0.00051769031","0.00000000001","0.00000000001","0.00000000001"
"130504B","Comet River at Comet Weir","2021-2022",2021-11-14 07:39:00,"0.00000000001","0.00000000001","0.00000000001","0.00000000001","0.01","0.00000000001","0.00000000001","0.04","0.02","0.00000000001","0.09","0.00000000001","0.00000000001","0.00000000001","0.03","0.00000000001","0.32","4.7","0.01","0.00000000001","0.00000000001","0.00000000001"
"130504B","Comet River at Comet Weir","2021-2022",2021-11-15 11:00:00,"0.00000000001","0.00000000001","0.00000000001","0.00000000001","1.092979e-06","0.00000000001","0.00000000001","0.02","0.00017861288","0.00000000001","0.0137253937","0.00000000001","0.00000000001","0.00000000001","0.02","0.00000000001","0.05","4.5","0.08","0.02","0.00000000001","0.00000000001"
"130504B","Comet River at Comet Weir","2021-2022",2021-11-17 09:15:00,"0.00000000001","0.00000000001","0.00000000001","0.00000000001","1.092979e-06","0.00000000001","0.00000000001","0.01","0.00017861288","0.00000000001","0.0137253937","0.00000000001","0.00000000001","0.00000000001","1.537476e-05","0.00000000001","0.03","3","0.05","3.95184e-06","0.00000000001","0.00000000001"
"130504B","Comet River at Comet Weir","2021-2022",2021-11-28 17:05:00,"0.00000000001","0.00000000001","0.00000000001","0.00000000001","1.092979e-06","0.00000000001","0.00000000001","0.15","0.11","0.00000000001","0.06","0.00000000001","0.00000000001","0.00000000001","0.03","0.00000000001","0.03","1.1","0.01","3.95184e-06","0.00000000001","0.00000000001"
"130504B","Comet River at Comet Weir","2021-2022",2021-11-29 07:50:00,"0.00000000001","0.00000000001","0.00000000001","0.00000000001","1.092979e-06","0.00000000001","0.00000000001","0.39","0.17","0.00000000001","0.1","0.00000000001","0.00000000001","0.00000000001","0.06","0.00000000001","0.06","0.93","0.02","3.95184e-06","0.00000000001","0.00000000001"
"130504B","Comet River at Comet Weir","2021-2022",2021-11-29 17:00:00,"0.00000000001","0.00000000001","0.00000000001","0.00000000001","1.092979e-06","0.00000000001","0.00000000001","0.14","0.11","0.00000000001","0.05","0.00000000001","0.00000000001","0.00000000001","0.03","0.00000000001","0.04","1","0.00051769031","3.95184e-06","0.00000000001","0.00000000001"
"130504B","Comet River at Comet Weir","2021-2022",2021-11-30 10:25:00,"0.00000000001","0.00000000001","0.00000000001","0.00000000001","1.092979e-06","0.00000000001","0.00000000001","0.08","0.03","0.00000000001","0.08","0.00000000001","0.00000000001","0.00000000001","1.537476e-05","0.00000000001","0.03","2.9","0.02","3.95184e-06","0.00000000001","0.00000000001"
"130504B","Comet River at Comet Weir","2021-2022",2021-12-02 10:25:00,"0.00000000001","0.00000000001","0.00000000001","0.00000000001","1.092979e-06","0.00000000001","0.00000000001","0.06","0.02","0.00000000001","0.08","0.2","0.00000000001","0.00000000001","0.35","0.00000000001","0.03","0.83","0.03","3.95184e-06","0.06","0.00000000001"
"130504B","Comet River at Comet Weir","2021-2022",2021-12-03 16:25:00,"0.00000000001","0.00000000001","0.00000000001","0.06","1.092979e-06","0.00000000001","0.00000000001","0.07","0.02","0.00000000001","0.08","0.1","0.00000000001","0.00000000001","0.97","0.00000000001","0.02","0.52","0.01","3.95184e-06","0.03","0.00000000001"
"130504B","Comet River at Comet Weir","2021-2022",2021-12-05 15:35:00,"0.00000000001","0.00000000001","0.00000000001","0.03","1.092979e-06","0.00000000001","0.00000000001","0.11","0.00017861288","0.00000000001","0.07","5.2679e-05","0.00000000001","0.00000000001","0.82","0.00000000001","1.336659e-05","0.21","0.01","3.95184e-06","0.01","0.00000000001"
"130504B","Comet River at Comet Weir","2021-2022",2021-12-07 16:40:00,"0.00000000001","0.00000000001","0.00000000001","0.04","0.01","0.00000000001","0.00000000001","0.07","0.03","0.00000000001","0.06","5.2679e-05","0.00000000001","0.00000000001","0.65","0.00000000001","0.04","0.54","0.03","3.95184e-06","0.01","0.00000000001"
"130504B","Comet River at Comet Weir","2021-2022",2021-12-09 10:10:00,"0.00000000001","0.00000000001","0.00000000001","0.04","0.02","0.00000000001","0.00000000001","0.05","0.03","0.00000000001","0.09","5.2679e-05","0.00000000001","0.00000000001","0.57","0.00000000001","0.02","0.91","0.05","3.95184e-06","0.03","0.00000000001"
"130504B","Comet River at Comet Weir","2021-2022",2021-12-11 07:35:00,"0.00000000001","0.00000000001","0.00000000001","0.02","1.092979e-06","0.00000000001","0.00000000001","0.02","0.43","0.00000000001","0.18","5.2679e-05","0.00000000001","0.00000000001","0.16","0.00000000001","1.336659e-05","0.64","0.01","3.95184e-06","0.01","0.00000000001"
"130504B","Comet River at Comet Weir","2021-2022",2021-12-14 17:05:00,"0.00000000001","0.00000000001","0.00000000001","0.02","0.01","0.00000000001","0.00000000001","0.02","0.02","0.00000000001","0.08","5.2679e-05","0.00000000001","0.00000000001","0.21","0.00000000001","1.336659e-05","0.55","0.00051769031","3.95184e-06","0.09","0.00000000001"
"130504B","Comet River at Comet Weir","2021-2022",2022-01-17 09:59:00,"0.00000000001","0.00000000001","0.00000000001","0.03","0.06","0.00000000001","0.00000000001","0.04","0.27","0.00000000001","0.21","2.63395e-05","0.03","0.00000000001","24","0.00000000001","0.02","0.36","0.15","3.95184e-06","0.01","0.00000000001"
"130504B","Comet River at Comet Weir","2021-2022",2022-01-31 10:00:00,"0.00000000001","0.00000000001","0.00000000001","0.02","1.092979e-06","0.00000000001","0.00000000001","0.14","0.00017861288","0.00000000001","0.0137253937","2.63395e-05","1.264696e-05","0.00000000001","0.05","0.00000000001","0.02","0.51","0.02","3.95184e-06","4.380853e-05","0.00000000001"
"130504B","Comet River at Comet Weir","2021-2022",2022-02-14 11:25:00,"0.00000000001","0.00000000001","0.00000000001","0.02","1.092979e-06","0.00000000001","0.00000000001","4.4","0.06","0.00000000001","0.19","5.2679e-05","3.16174e-05","0.00000000001","0.64","0.00000000001","0.03","0.33","0.09","3.95184e-06","0.04","0.00000000001"
"130504B","Comet River at Comet Weir","2021-2022",2022-02-26 09:00:00,"0.00000000001","0.00000000001","0.00000000001","0.02","0.01","0.00000000001","0.00000000001","0.02","0.0004465322","0.00000000001","0.12","0.000105358","1.264696e-05","0.00000000001","0.35","0.00000000001","0.02","0.17","0.00051769031","3.95184e-06","4.380853e-05","0.00000000001"
"130504B","Comet River at Comet Weir","2021-2022",2022-03-14 10:51:00,"0.00000000001","0.00000000001","0.00000000001","0.02","1.092979e-06","0.00000000001","0.00000000001","0.74","0.0004465322","0.00000000001","0.05","0.000105358","1.264696e-05","0.00000000001","0.32","0.00000000001","0.02","0.59","0.02","3.95184e-06","4.380853e-05","0.00000000001"
"130504B","Comet River at Comet Weir","2021-2022",2022-03-29 12:03:00,"0.00000000001","0.00000000001","0.00000000001","0.02","1.092979e-06","0.00000000001","0.00000000001","0.91","0.00017861288","0.00000000001","0.0137253937","2.63395e-05","1.264696e-05","0.00000000001","0.09","0.00000000001","0.01","0.31","0.02","3.95184e-06","4.380853e-05","0.00000000001"
"130504B","Comet River at Comet Weir","2021-2022",2022-04-19 09:48:00,"0.00000000001","0.00000000001","0.00000000001","0.02","1.092979e-06","0.00000000001","0.00000000001","0.44","0.00017861288","0.00000000001","0.0137253937","5.2679e-05","1.264696e-05","0.00000000001","0.08","0.00000000001","0.01","0.29","0.01","3.95184e-06","4.380853e-05","0.00000000001"
"130504B","Comet River at Comet Weir","2021-2022",2022-05-13 08:10:00,"0.00000000001","0.00000000001","0.02","0.02","0.1","0.00000000001","0.00000000001","0.09","0.08","0.45","0.1","2.63395e-05","0.11","0.00000000001","0.13","0.00000000001","0.01","0.22","3.6","3.95184e-06","0.03","0.00000000001"
"130504B","Comet River at Comet Weir","2021-2022",2022-05-14 09:06:00,"0.00000000001","0.00000000001","0.03","0.03","0.16","0.00000000001","0.00000000001","0.25","0.06","0.12","0.58","2.63395e-05","0.15","0.00000000001","0.06","0.00000000001","0.43","0.19","3.6","0.05","4.380853e-05","0.00000000001"
"130504B","Comet River at Comet Weir","2021-2022",2022-05-15 09:55:00,"0.00000000001","0.00000000001","0.06","0.03","0.09","0.00000000001","0.00000000001","0.49","0.08","0.04","0.35","2.63395e-05","0.06","0.00000000001","0.06","0.00000000001","0.23","0.23","0.93","0.03","4.380853e-05","0.00000000001"
"130504B","Comet River at Comet Weir","2021-2022",2022-05-16 09:27:00,"0.00000000001","0.00000000001","0.03","0.02","0.03","0.04","0.00000000001","0.16","0.03","0.01","0.94","2.63395e-05","1.264696e-05","0.00000000001","0.03","0.00000000001","0.05","0.05","0.17","3.95184e-06","4.380853e-05","0.00000000001"
"130504B","Comet River at Comet Weir","2021-2022",2022-05-17 13:17:00,"0.00000000001","0.00000000001","2.73826e-06","0.02","0.02","2.02892e-07","0.00000000001","0.09","0.04","0.08","0.46","2.63395e-05","1.264696e-05","0.00000000001","0.05","0.00000000001","0.03","0.09","0.1","3.95184e-06","4.380853e-05","0.00000000001"
"130504B","Comet River at Comet Weir","2021-2022",2022-05-18 08:10:00,"0.00000000001","0.00000000001","2.73826e-06","0.02","0.02","2.02892e-07","0.00000000001","0.08","0.03","0.09","0.48","2.63395e-05","1.264696e-05","0.00000000001","0.03","0.00000000001","0.04","0.09","0.11","3.95184e-06","4.380853e-05","0.00000000001"
"130504B","Comet River at Comet Weir","2021-2022",2022-06-13 11:50:00,"0.00000000001","0.00000000001","2.73826e-06","0.02","0.01","2.02892e-07","0.00000000001","0.01","0.0004465322","0.03","0.19","5.2679e-05","1.264696e-05","0.00000000001","1.537476e-05","0.00000000001","1.336659e-05","0.05","0.00051769031","3.95184e-06","4.380853e-05","0.00000000001"
"130504B","Comet River at Comet Weir","2022-2023",2022-07-18 15:21:00,"0.00000000001","0.00000000001","0.00000000001","0.00000000001","0.00000000001","0.00000000001","0.00000000001","0.00000000001","0.04","0.04","0.13","0.00000000001","0.00000000001","0.00000000001","0.00000000001","0.00000000001","0.00000000001","0.06","0.00000000001","0.00000000001","0.00000000001","0.00000000001"
"130504B","Comet River at Comet Weir","2022-2023",2022-08-23 15:03:00,"0.00000000001","0.00000000001","0.00000000001","0.00000000001","0.00000000001","0.00000000001","0.00000000001","0.00000000001","0.00017861288","0.04","0.01921555118","0.00000000001","0.00000000001","0.00000000001","0.00000000001","0.00000000001","0.01","0.02","0.00000000001","0.00000000001","0.00000000001","0.00000000001"
"130504B","Comet River at Comet Weir","2022-2023",2022-09-19 10:54:00,"0.00000000001","0.00000000001","0.00000000001","0.00000000001","0.00000000001","0.00000000001","0.00000000001","0.00000000001","0.0008930644","4.591466e-07","0.01921555118","0.00000000001","0.00000000001","0.00000000001","0.00000000001","0.00000000001","1.336659e-05","0.03","0.00000000001","0.00000000001","0.00000000001","0.00000000001"
"130504B","Comet River at Comet Weir","2022-2023",2022-10-18 09:57:00,"0.00000000001","0.00000000001","0.00000000001","0.00000000001","0.00000000001","0.00000000001","0.00000000001","0.00000000001","0.00017861288","4.591466e-07","0.01921555118","0.00000000001","0.00000000001","0.00000000001","0.00000000001","0.00000000001","1.336659e-05","0.03","0.00000000001","0.00000000001","0.00000000001","0.00000000001"
"130504B","Comet River at Comet Weir","2022-2023",2022-10-21 17:15:00,"0.00000000001","0.00000000001","0.00000000001","0.00000000001","0.00000000001","0.00000000001","0.00000000001","11","0.07","4.591466e-07","5.6","0.00000000001","0.00000000001","0.00000000001","11","0.00000000001","28","2.1","0.07","0.00000000001","0.00000000001","0.00000000001"
"130504B","Comet River at Comet Weir","2022-2023",2022-10-22 08:35:00,"0.00000000001","0.00000000001","0.00000000001","0.00000000001","0.00000000001","0.00000000001","0.00000000001","0.12","0.12","0.04","0.67","0.00000000001","0.00000000001","0.00000000001","0.2","0.00000000001","0.29","1.3","0.00103538062","0.04","0.00000000001","0.00000000001"
"130504B","Comet River at Comet Weir","2022-2023",2022-10-23 08:05:00,"0.00000000001","0.00000000001","0.00000000001","0.00000000001","0.00000000001","0.00000000001","0.00000000001","0.06","0.08","0.03","0.14","0.00000000001","0.00000000001","0.00000000001","0.07","0.00000000001","0.07","2","0.00103538062","0.09","0.00000000001","0.00000000001"
"130504B","Comet River at Comet Weir","2022-2023",2022-10-24 08:36:00,"0.00000000001","0.00000000001","0.00000000001","0.00000000001","0.00000000001","0.00000000001","0.00000000001","0.05","0.03","4.591466e-07","0.01921555118","0.00000000001","0.00000000001","0.00000000001","0.03","0.00000000001","0.04","1.3","0.00103538062","3.95184e-06","0.00000000001","0.00000000001"
"130504B","Comet River at Comet Weir","2022-2023",2022-10-24 18:10:00,"0.00000000001","0.00000000001","0.00000000001","0.00000000001","0.00000000001","0.00000000001","0.00000000001","0.04","0.03","4.591466e-07","0.01921555118","0.00000000001","0.00000000001","0.00000000001","0.03","0.00000000001","0.03","1.2","0.00103538062","3.95184e-06","0.00000000001","0.00000000001"
"130504B","Comet River at Comet Weir","2022-2023",2022-10-25 08:36:00,"0.00000000001","0.00000000001","0.00000000001","0.00000000001","0.00000000001","0.00000000001","0.00000000001","0.03","0.03","0.02","0.01921555118","0.00000000001","0.00000000001","0.00000000001","0.09","0.00000000001","0.02","0.91","0.00103538062","3.95184e-06","0.00000000001","0.00000000001"
"130504B","Comet River at Comet Weir","2022-2023",2022-10-25 17:46:00,"0.00000000001","0.00000000001","0.00000000001","0.00000000001","0.00000000001","0.00000000001","0.00000000001","0.03","0.04","0.02","0.01921555118","0.00000000001","0.00000000001","0.00000000001","0.07","0.00000000001","0.02","0.87","0.00103538062","3.95184e-06","0.00000000001","0.00000000001"
"130504B","Comet River at Comet Weir","2022-2023",2022-10-26 06:40:00,"0.00000000001","0.00000000001","0.00000000001","0.00000000001","0.00000000001","0.00000000001","0.00000000001","0.03","0.03","0.03","0.08","0.00000000001","0.00000000001","0.00000000001","0.03","0.00000000001","0.02","1.5","0.00103538062","3.95184e-06","0.00000000001","0.00000000001"
"130504B","Comet River at Comet Weir","2022-2023",2022-10-26 16:59:00,"0.00000000001","0.00000000001","0.00000000001","0.00000000001","0.00000000001","0.00000000001","0.00000000001","0.03","0.04","0.03","0.09","0.00000000001","0.00000000001","0.00000000001","0.02","0.00000000001","0.02","1.9","0.00103538062","3.95184e-06","0.00000000001","0.00000000001"
"130504B","Comet River at Comet Weir","2022-2023",2022-10-27 07:14:00,"0.00000000001","0.00000000001","0.00000000001","0.00000000001","0.00000000001","0.00000000001","0.00000000001","0.05","0.00017861288","0.04","0.12","0.00000000001","0.00000000001","0.00000000001","0.03","0.00000000001","0.04","2.2","0.00103538062","3.95184e-06","0.00000000001","0.00000000001"
"130504B","Comet River at Comet Weir","2022-2023",2022-10-28 10:21:00,"0.00000000001","0.00000000001","0.00000000001","0.00000000001","0.00000000001","0.00000000001","0.00000000001","0.03","0.00017861288","0.04","0.1","0.00000000001","0.00000000001","0.00000000001","0.03","0.00000000001","0.02","3.1","0.00103538062","3.95184e-06","0.00000000001","0.00000000001"
"130504B","Comet River at Comet Weir","2022-2023",2022-10-31 10:29:00,"0.00000000001","0.00000000001","0.00000000001","0.00000000001","0.00000000001","0.00000000001","0.00000000001","0.03","0.00017861288","0.03","0.08","0.00000000001","0.00000000001","0.00000000001","0.02","0.00000000001","0.02","4.1","0.00103538062","3.95184e-06","0.00000000001","0.00000000001"
"130504B","Comet River at Comet Weir","2022-2023",2022-11-03 08:10:00,"0.00000000001","0.00000000001","0.00000000001","0.00000000001","0.04","0.00000000001","0.00000000001","0.06","0.11","0.02","0.2","0.00000000001","0.00000000001","0.00000000001","0.07","0.00000000001","0.07","2.8","0.00103538062","0.62","0.00000000001","0.00000000001"
"130504B","Comet River at Comet Weir","2022-2023",2022-11-04 08:00:00,"0.00000000001","0.00000000001","0.00000000001","0.00000000001","0.02","0.00000000001","0.00000000001","0.08","0.06","4.591466e-07","0.07","0.00000000001","0.00000000001","0.00000000001","0.03","0.00000000001","0.03","1.7","0.00103538062","0.06","0.00000000001","0.00000000001"
"130504B","Comet River at Comet Weir","2022-2023",2022-11-05 10:30:00,"0.00000000001","0.00000000001","0.00000000001","0.00000000001","1.092979e-06","0.00000000001","0.00000000001","0.04","0.0004465322","4.591466e-07","0.01921555118","0.00000000001","0.00000000001","0.00000000001","1.537476e-05","0.00000000001","0.01","1.7","0.00103538062","3.95184e-06","0.00000000001","0.00000000001"
"130504B","Comet River at Comet Weir","2022-2023",2022-11-06 16:21:00,"0.00000000001","0.00000000001","0.00000000001","0.00000000001","1.092979e-06","0.00000000001","0.00000000001","0.03","0.07","4.591466e-07","0.01921555118","0.00000000001","0.00000000001","0.00000000001","1.537476e-05","0.00000000001","0.01","2.1","0.00103538062","3.95184e-06","0.00000000001","0.00000000001"
"130504B","Comet River at Comet Weir","2022-2023",2022-11-08 10:31:00,"0.00000000001","0.00000000001","0.00000000001","0.00000000001","1.092979e-06","0.00000000001","0.00000000001","0.02","0.04","4.591466e-07","0.01921555118","0.00000000001","0.00000000001","0.00000000001","1.537476e-05","0.00000000001","1.336659e-05","3.2","0.00103538062","3.95184e-06","0.03","0.00000000001"
"130504B","Comet River at Comet Weir","2022-2023",2022-11-11 09:44:00,"0.00000000001","0.00000000001","0.00000000001","0.11","1.092979e-06","0.00000000001","0.00000000001","0.02","0.0004465322","4.591466e-07","0.01921555118","0.00000000001","0.00000000001","0.00000000001","1.537476e-05","0.00000000001","1.336659e-05","4.2","0.00103538062","3.95184e-06","0.07","0.00000000001"
"130504B","Comet River at Comet Weir","2022-2023",2022-11-25 10:30:00,"0.00000000001","0.00000000001","0.00000000001","0.11","1.092979e-06","0.00000000001","0.00000000001","0.01","0.0004465322","4.591466e-07","0.01921555118","0.00000000001","0.00000000001","0.00000000001","1.537476e-05","0.00000000001","0.02","2.7","0.00103538062","3.95184e-06","0.06","0.00000000001"
"130504B","Comet River at Comet Weir","2022-2023",2022-12-01 14:30:00,"0.00000000001","0.00000000001","0.00000000001","0.02","0.67","0.00000000001","0.00000000001","1","0.33","4.591466e-07","0.08","0.00000000001","0.89","0.00000000001","0.63","0.00000000001","1.1","1.1","0.00103538062","3.95184e-06","4.380853e-05","0.00000000001"
"130504B","Comet River at Comet Weir","2022-2023",2022-12-02 12:30:00,"0.00000000001","0.00000000001","0.00000000001","0.04","0.23","0.04","0.00000000001","1.4","0.24","0.02","0.35","0.00000000001","0.14","0.00000000001","0.17","0.00000000001","0.77","0.39","0.02","0.07","4.380853e-05","0.04"
"130504B","Comet River at Comet Weir","2022-2023",2022-12-03 05:40:00,"0.00000000001","0.00000000001","0.00000000001","0.05","0.09","0.05","0.00000000001","3","0.35","4.591466e-07","0.65","0.00000000001","0.1","0.00000000001","0.31","0.00000000001","0.54","1.5","0.00103538062","0.05","4.380853e-05","0.02"
"130504B","Comet River at Comet Weir","2022-2023",2022-12-04 05:30:00,"0.00000000001","0.00000000001","0.00000000001","0.03","0.03","0.03","0.00000000001","0.47","0.11","4.591466e-07","0.21","0.00000000001","4.426436e-05","0.00000000001","0.53","0.00000000001","0.44","1.1","0.00103538062","3.95184e-06","4.380853e-05","0.00011463008"
"130504B","Comet River at Comet Weir","2022-2023",2022-12-05 16:25:00,"0.00000000001","0.00000000001","0.00000000001","0.02","0.02","0.03","0.00000000001","0.41","0.0004465322","4.591466e-07","0.13","0.00000000001","4.426436e-05","0.00000000001","0.52","0.00000000001","0.31","1.2","0.00103538062","3.95184e-06","4.380853e-05","0.00011463008"
"130504B","Comet River at Comet Weir","2022-2023",2022-12-07 13:10:00,"0.00000000001","0.00000000001","0.00000000001","0.02","0.02","0.02","0.00000000001","0.42","0.0004465322","4.591466e-07","0.11","0.00000000001","4.426436e-05","0.00000000001","0.69","0.00000000001","0.2","1","0.00103538062","3.95184e-06","4.380853e-05","0.00011463008"
"130504B","Comet River at Comet Weir","2022-2023",2022-12-22 09:11:00,"0.00000000001","0.00000000001","0.00000000001","0.02","0.27","2.02892e-07","0.00000000001","3.5","0.1","4.591466e-07","0.17","0.00000000001","0.21","0.00000000001","3.8","0.00000000001","0.03","1.2","0.02","3.95184e-06","4.380853e-05","0.00011463008"
"130504B","Comet River at Comet Weir","2022-2023",2023-01-10 14:43:00,"0.00000000001","0.00000000001","0.00000000001","0.02","0.08","0.02","0.00000000001","1.5","0.00017861288","4.591466e-07","0.13","0.00000000001","4.426436e-05","0.00000000001","0.63","0.00000000001","0.01","1.2","0.00103538062","3.95184e-06","4.380853e-05","0.00011463008"
"130504B","Comet River at Comet Weir","2022-2023",2023-01-13 10:00:00,"0.00000000001","0.00000000001","0.02","0.15","0.23","0.03","0.00000000001","0.25","0.18","4.591466e-07","0.11","0.00000000001","0.11","0.00000000001","0.07","0.00000000001","0.21","0.11","0.00103538062","3.95184e-06","4.380853e-05","0.00011463008"
"130504B","Comet River at Comet Weir","2022-2023",2023-01-14 09:25:00,"0.00000000001","0.00000000001","2.73826e-06","0.26","0.37","0.04","0.00000000001","2.4","0.32","4.591466e-07","1.1","1.1","0.25","0.00000000001","0.23","0.00000000001","2.6","0.26","0.00103538062","3.95184e-06","4.380853e-05","0.00011463008"
"130504B","Comet River at Comet Weir","2022-2023",2023-01-15 14:10:00,"0.00000000001","0.00000000001","0.03","0.05","0.33","0.06","0.00000000001","1.4","0.19","4.591466e-07","0.81","0.37","0.47","0.00000000001","0.34","0.00000000001","1.1","0.51","0.00103538062","3.95184e-06","4.380853e-05","0.00011463008"
"130504B","Comet River at Comet Weir","2022-2023",2023-01-16 09:45:00,"0.00000000001","0.00000000001","2.73826e-06","0.04","0.23","0.04","0.00000000001","2","0.16","4.591466e-07","0.86","0.35","0.33","0.00000000001","1.1","0.00000000001","0.99","0.93","0.00103538062","0.11","4.380853e-05","0.03"
"130504B","Comet River at Comet Weir","2022-2023",2023-01-17 10:10:00,"0.00000000001","0.00000000001","2.73826e-06","0.03","0.2","0.03","0.00000000001","2.4","0.15","4.591466e-07","1.2","0.28","0.25","0.00000000001","1.1","0.00000000001","0.58","1","0.00103538062","0.2","4.380853e-05","0.04"
"130504B","Comet River at Comet Weir","2022-2023",2023-01-18 09:35:00,"0.00000000001","0.00000000001","2.73826e-06","0.03","0.14","0.03","0.00000000001","2.4","0.14","4.591466e-07","1.1","0.23","0.21","0.00000000001","0.94","0.00000000001","0.54","1","0.00103538062","0.14","4.380853e-05","0.03"
"130504B","Comet River at Comet Weir","2022-2023",2023-01-19 09:40:00,"0.00000000001","0.00000000001","2.73826e-06","0.02","0.1","0.04","0.00000000001","2","0.11","4.591466e-07","1.1","0.15","0.16","0.00000000001","0.77","0.00000000001","0.41","1.4","0.00103538062","0.08","4.380853e-05","0.00011463008"
"130504B","Comet River at Comet Weir","2022-2023",2023-02-10 09:19:00,"0.00000000001","0.00000000001","2.73826e-06","0.02","1.092979e-06","2.02892e-07","0.00000000001","1.73108e-07","0.00017861288","4.591466e-07","0.01921555118","3.68753e-05","4.426436e-05","0.00000000001","0.04","0.00000000001","1.336659e-05","0.03","0.00103538062","3.95184e-06","4.380853e-05","0.00011463008"
"130504B","Comet River at Comet Weir","2022-2023",2023-02-28 11:05:00,"0.00000000001","0.00000000001","2.73826e-06","0.02","1.092979e-06","2.02892e-07","0.00000000001","0.04","0.00017861288","2.295733e-06","0.01921555118","3.68753e-05","4.426436e-05","0.00000000001","0.02","0.00000000001","1.336659e-05","0.07","0.00103538062","3.95184e-06","4.380853e-05","0.00011463008"
"130504B","Comet River at Comet Weir","2022-2023",2023-03-15 17:00:00,"0.00000000001","0.02","2.73826e-06","0.08","0.33","0.04","0.00000000001","0.88","0.0004465322","4.591466e-07","1.3","0.000105358","0.19","0.00000000001","1.1","0.00000000001","0.14","0.16","0.00103538062","3.95184e-06","4.380853e-05","0.00011463008"
"130504B","Comet River at Comet Weir","2022-2023",2023-03-31 15:50:00,"0.00000000001","4.776e-08","2.73826e-06","0.02","1.092979e-06","2.02892e-07","0.00000000001","0.39","0.00017861288","4.591466e-07","0.18","3.68753e-05","4.426436e-05","0.00000000001","0.03","0.00000000001","1.336659e-05","0.77","0.00103538062","3.95184e-06","0.11","0.00011463008"
"130504B","Comet River at Comet Weir","2022-2023",2023-04-24 11:25:00,"0.00000000001","4.776e-08","2.73826e-06","0.1","1.092979e-06","0.02","0.00000000001","0.23","0.00017861288","4.591466e-07","1.3","0.000105358","4.426436e-05","0.00000000001","0.02","0.00000000001","1.336659e-05","0.48","0.00103538062","3.95184e-06","0.07","0.00011463008"
"130504B","Comet River at Comet Weir","2022-2023",2023-05-29 10:50:00,"0.00000000001","4.776e-08","2.73826e-06","0.02","1.092979e-06","2.02892e-07","0.00000000001","0.15","0.0004465322","4.591466e-07","0.3","3.68753e-05","4.426436e-05","0.00000000001","1.537476e-05","0.00000000001","1.336659e-05","0.46","0.00103538062","3.95184e-06","0.05","0.00011463008"
"130504B","Comet River at Comet Weir","2022-2023",2023-06-26 10:40:00,"0.00000000001","4.776e-08","2.73826e-06","0.02","1.092979e-06","2.02892e-07","0.00000000001","0.06","0.0004465322","4.591466e-07","0.01921555118","3.68753e-05","4.426436e-05","0.00000000001","0.06","0.00000000001","0.02","1.1","0.00103538062","3.95184e-06","4.380853e-05","0.00011463008"
